year,date,match_id,home_team,away_team,p_home_win,p_draw,p_away_win,predicted_class
1930,1930-07-13,0,Belgium,United States,0.8996092107394464,0.060110997327093206,0.0402797919334603,home_win
1930,1930-07-13,1,France,Mexico,0.585097765034304,0.14670095722084983,0.2682012777448462,home_win
1930,1930-07-14,2,Brazil,Serbia,0.8885559241051393,0.03886202635924459,0.07258204953561613,home_win
1930,1930-07-14,3,Peru,Romania,0.3593011880337484,0.08429568503524751,0.5564031269310041,away_win
1930,1930-07-15,4,Argentina,France,0.88715802301231,0.09555554992622808,0.017286427061462,home_win
1930,1930-07-16,5,Chile,Mexico,0.834967010952778,0.07366205697013395,0.09137093207708796,home_win
1930,1930-07-17,6,Bolivia,Serbia,0.5237611298071833,0.03169412769254471,0.444544742500272,home_win
1930,1930-07-17,7,Paraguay,United States,0.8598698185413371,0.0491558600405784,0.09097432141808447,home_win
1930,1930-07-18,8,Uruguay,Peru,0.9407609753988865,0.0357166470825373,0.023522377518576193,home_win
1930,1930-07-19,9,Argentina,Mexico,0.9193641067213355,0.0555290698794713,0.025106823399193144,home_win
1930,1930-07-19,10,Chile,France,0.8580442315396423,0.03759210775228893,0.10436366070806881,home_win
1930,1930-07-20,11,Belgium,Paraguay,0.8294466159825485,0.04796515017488227,0.12258823384256913,home_win
1930,1930-07-20,12,Bolivia,Brazil,0.2944960826375466,0.038199774067108914,0.6673041432953445,away_win
1930,1930-07-21,13,Uruguay,Romania,0.666893626261265,0.07376044518353213,0.2593459285552028,home_win
1930,1930-07-22,14,Argentina,Chile,0.8936179829563823,0.08017240957485422,0.026209607468763454,home_win
1930,1930-07-26,15,Argentina,United States,0.9341639967807459,0.04481913279787665,0.021016870421377492,home_win
1930,1930-07-27,16,Uruguay,Serbia,0.9018414859870985,0.03056318379598323,0.06759533021691826,home_win
1930,1930-07-30,17,Uruguay,Argentina,0.35150177334254307,0.4755473874672469,0.1729508391902101,draw
1934,1934-05-27,0,Argentina,Sweden,0.8070330083894208,0.1254064152047516,0.06756057640582752,home_win
1934,1934-05-27,1,Austria,France,0.9598441988186222,0.023612309906975642,0.016543491274402234,home_win
1934,1934-05-27,2,Belgium,Germany,0.39376863837242126,0.0680604875087738,0.5381708741188049,away_win
1934,1934-05-27,3,Brazil,Spain,0.6407815527566574,0.15670134916746545,0.20251709807587723,home_win
1934,1934-05-27,4,Czech Republic,Romania,0.8530374614243376,0.044394197395141284,0.10256834118052116,home_win
1934,1934-05-27,5,Egypt,Hungary,0.6409517217107887,0.16916468005618512,0.1898835982330262,home_win
1934,1934-05-27,6,Italy,United States,0.8908284967643919,0.04314411174392034,0.0660273914916878,home_win
1934,1934-05-27,7,Netherlands,Switzerland,0.44218673149009374,0.03440516724871035,0.5234081012611959,away_win
1934,1934-05-31,8,Austria,Hungary,0.6733391284942627,0.2025137096643448,0.12414716184139252,home_win
1934,1934-05-31,9,Czech Republic,Switzerland,0.8882877561960293,0.03620216887586806,0.07551007492810265,home_win
1934,1934-05-31,10,Germany,Sweden,0.7075308245034148,0.1287168653882951,0.16375231010829017,home_win
1934,1934-05-31,11,Italy,Spain,0.6911998001098574,0.15915304896691587,0.1496471509232268,home_win
1934,1934-06-01,12,Italy,Spain,0.6911998001098574,0.15915304896691587,0.1496471509232268,home_win
1934,1934-06-03,13,Czech Republic,Germany,0.7031732692841698,0.10865516798712063,0.18817156272870955,home_win
1934,1934-06-03,14,Italy,Austria,0.2716744623087186,0.3237740493945494,0.40455148829673193,away_win
1934,1934-06-07,15,Austria,Germany,0.8465493258345922,0.08021590053874328,0.07323477362666447,home_win
1934,1934-06-10,16,Italy,Czech Republic,0.6522294976149424,0.21762255158457983,0.13014795080047772,home_win
1938,1938-06-04,0,Germany,Switzerland,0.7649593664348362,0.08414978220500863,0.15089085136015523,home_win
1938,1938-06-05,1,Brazil,Poland,0.7161342012306183,0.05521233462113641,0.22865346414824522,home_win
1938,1938-06-05,2,Cuba,Romania,0.4341611055877269,0.05032406876156891,0.5155148256507042,away_win
1938,1938-06-05,3,Czech Republic,Netherlands,0.6494080085616107,0.07501937802779939,0.2755726134105899,home_win
1938,1938-06-05,4,France,Belgium,0.5632965564727783,0.1538122296333313,0.2828912138938904,home_win
1938,1938-06-05,5,Hungary,Indonesia,0.839857741288872,0.06969559556148328,0.09044666314964475,home_win
1938,1938-06-05,6,Italy,Norway,0.9453524859123632,0.024307828170174472,0.030339685917462354,home_win
1938,1938-06-09,7,Cuba,Romania,0.4370875851998144,0.0525365346313954,0.5103758801687902,away_win
1938,1938-06-09,8,Germany,Switzerland,0.7630547569340005,0.08224322953236213,0.15470201353363744,home_win
1938,1938-06-12,9,Brazil,Czech Republic,0.6353202485863874,0.058367159435030666,0.30631259197858196,home_win
1938,1938-06-12,10,Cuba,Sweden,0.4646822144883541,0.054916872755931725,0.48040091275571417,away_win
1938,1938-06-12,11,France,Italy,0.10425604523182083,0.16206350036202,0.7336804544061591,away_win
1938,1938-06-12,12,Hungary,Switzerland,0.8531628433945888,0.04295220390566196,0.10388495269974923,home_win
1938,1938-06-14,13,Brazil,Czech Republic,0.6353202485863874,0.058367159435030666,0.30631259197858196,home_win
1938,1938-06-16,14,Brazil,Italy,0.25264411599984504,0.07058157614063675,0.6767743078595182,away_win
1938,1938-06-16,15,Hungary,Sweden,0.8301580587668529,0.09329178303758764,0.0765501581955595,home_win
1938,1938-06-19,16,Brazil,Sweden,0.7816506828053101,0.048415159206487667,0.16993415798820222,home_win
1938,1938-06-19,17,Hungary,Italy,0.4591018762783055,0.15212216163227685,0.38877596208941767,home_win
1950,1950-06-24,0,Brazil,Mexico,0.6586609580913328,0.15953219174641656,0.18180685016225054,home_win
1950,1950-06-25,1,Chile,England,0.17735202874767822,0.10837212366420215,0.7142758475881196,away_win
1950,1950-06-25,2,Italy,Sweden,0.6693448623819608,0.13288709917328057,0.1977680384447586,home_win
1950,1950-06-25,3,Spain,United States,0.9207787192099904,0.04529256881155279,0.03392871197845673,home_win
1950,1950-06-25,4,Switzerland,Serbia,0.27094871007612875,0.09066688336928846,0.6383844065545827,away_win
1950,1950-06-28,5,Brazil,Switzerland,0.9124752026973367,0.049730522548054254,0.037794274754608975,home_win
1950,1950-06-28,6,Mexico,Serbia,0.6554054813207829,0.13194357251952804,0.21265094615968902,home_win
1950,1950-06-29,7,Chile,Spain,0.3454429065634119,0.09654392733621273,0.5580131661003753,away_win
1950,1950-06-29,8,England,United States,0.9382860274229801,0.0398694919020569,0.021844480674963012,home_win
1950,1950-06-29,9,Paraguay,Sweden,0.4856160283088684,0.13306987285614014,0.38131409883499146,home_win
1950,1950-07-01,10,Brazil,Serbia,0.7395713063882875,0.12882266024452418,0.13160603336718826,home_win
1950,1950-07-02,11,Bolivia,Uruguay,0.15769760310649872,0.08627797663211823,0.7560244202613831,away_win
1950,1950-07-02,12,Chile,United States,0.7415448206202739,0.127826269631795,0.13062890974793107,home_win
1950,1950-07-02,13,England,Spain,0.7830659326106146,0.1194115605818829,0.09752250680750252,home_win
1950,1950-07-02,14,Italy,Paraguay,0.7832028632401566,0.10200585120898929,0.11479128555085404,home_win
1950,1950-07-02,15,Mexico,Switzerland,0.5908228556908455,0.06170895861319964,0.3474681856959549,home_win
1950,1950-07-09,16,Brazil,Sweden,0.7955450415611267,0.10077808052301407,0.10367687791585922,home_win
1950,1950-07-09,17,Spain,Uruguay,0.6214929130450947,0.22559822759630938,0.1529088593585959,home_win
1950,1950-07-13,18,Brazil,Spain,0.6485975094766538,0.14596349838539222,0.205438992137954,home_win
1950,1950-07-13,19,Sweden,Uruguay,0.6701160869036938,0.16441794229799336,0.16546597079831274,home_win
1950,1950-07-16,20,Brazil,Uruguay,0.7394879249961337,0.1481765138896972,0.11233556111416912,home_win
1950,1950-07-16,21,Spain,Sweden,0.49523077153013306,0.20258079771072862,0.3021884307591383,home_win
1954,1954-06-16,0,Austria,Scotland,0.6306554581127247,0.1608364558095268,0.20850808607774846,home_win
1954,1954-06-16,1,Brazil,Mexico,0.728407399246262,0.15642118803608093,0.11517141271765707,home_win
1954,1954-06-16,2,Czech Republic,Uruguay,0.2495941743375607,0.18473445818619555,0.5656713674762438,away_win
1954,1954-06-16,3,France,Serbia,0.43616827022527843,0.22130581077021924,0.3425259190045023,home_win
1954,1954-06-17,4,Belgium,England,0.3133330549796505,0.2027251361988444,0.48394180882150506,away_win
1954,1954-06-17,5,Germany,Turkey,0.765947057846364,0.09080552513566463,0.14324741701797145,home_win
1954,1954-06-17,6,Hungary,South Korea,0.691645990187615,0.14295101378785094,0.16540299602453404,home_win
1954,1954-06-17,7,Switzerland,Italy,0.26768511134855283,0.21148152334270592,0.5208333653087412,away_win
1954,1954-06-19,8,Austria,Czech Republic,0.5659841046042395,0.1396426049034623,0.29437329049229816,home_win
1954,1954-06-19,9,Brazil,Serbia,0.5966585367420097,0.16825504851721299,0.23508641474077724,home_win
1954,1954-06-19,10,France,Mexico,0.6039236367918145,0.1529709593347001,0.24310540387348545,home_win
1954,1954-06-19,11,Scotland,Uruguay,0.3775477932422038,0.15019510091513996,0.47225710584265623,away_win
1954,1954-06-20,12,Belgium,Italy,0.28355284235196365,0.15212727499766796,0.5643198826503684,away_win
1954,1954-06-20,13,Germany,Hungary,0.34223140736379887,0.169828273214626,0.4879403194215751,away_win
1954,1954-06-20,14,South Korea,Turkey,0.5559741854667664,0.17686456441879272,0.2671612501144409,home_win
1954,1954-06-20,15,Switzerland,England,0.2794366818582517,0.1617098027722508,0.5588535153694975,away_win
1954,1954-06-23,16,Germany,Turkey,0.765947057846364,0.09080552513566463,0.14324741701797145,home_win
1954,1954-06-23,17,Switzerland,Italy,0.275998349845434,0.20204557177356525,0.5219560783810008,away_win
1954,1954-06-26,18,England,Uruguay,0.5724294185638428,0.1731438934803009,0.2544266879558563,home_win
1954,1954-06-26,19,Switzerland,Austria,0.2894648015499115,0.2052898108959198,0.5052453875541687,away_win
1954,1954-06-27,20,Brazil,Hungary,0.39585692016249685,0.12185126471026701,0.4822918151272361,away_win
1954,1954-06-27,21,Germany,Serbia,0.6041915326685975,0.1677761201891881,0.22803234714221438,home_win
1954,1954-06-30,22,Austria,Germany,0.41958682624638793,0.2102568690593631,0.3701563046942489,home_win
1954,1954-06-30,23,Hungary,Uruguay,0.5639422879840901,0.16018975555048487,0.27586795646542506,home_win
1954,1954-07-03,24,Austria,Uruguay,0.3887539150006486,0.16237921770842048,0.44886686729093095,away_win
1954,1954-07-04,25,Germany,Hungary,0.3380444746626757,0.17070934685198505,0.49124617848533925,away_win
1958,1958-06-08,0,Argentina,Germany,0.7500559370985603,0.1516372021897585,0.09830686071168113,home_win
1958,1958-06-08,1,Austria,Brazil,0.31041463284448884,0.1548719956018926,0.5347133715536185,away_win
1958,1958-06-08,2,Czech Republic,Northern Ireland,0.7417063547289441,0.07473999839857225,0.18355364687248363,home_win
1958,1958-06-08,3,England,Russia,0.6541294553001143,0.12207883778331932,0.2237917069165663,home_win
1958,1958-06-08,4,France,Paraguay,0.6096710057507605,0.1454208961936965,0.24490809805554298,home_win
1958,1958-06-08,5,Hungary,Wales,0.8918932641075104,0.06212744422099948,0.04597929167149014,home_win
1958,1958-06-08,6,Scotland,Serbia,0.34447591470253724,0.24394639599483026,0.41157768930263255,away_win
1958,1958-06-08,7,Sweden,Mexico,0.5177966952323914,0.16686391830444336,0.3153393864631653,home_win
1958,1958-06-11,8,Argentina,Northern Ireland,0.8790446585345615,0.056591339830989684,0.06436400163444878,home_win
1958,1958-06-11,9,Austria,Russia,0.49093185392225225,0.1614907633813988,0.34757738269634897,home_win
1958,1958-06-11,10,Brazil,England,0.543184475397601,0.1365071277769544,0.3203083968254446,home_win
1958,1958-06-11,11,Czech Republic,Germany,0.37852721278288326,0.1518005385458309,0.4696722486712859,away_win
1958,1958-06-11,12,France,Serbia,0.35861489176750183,0.18774467706680298,0.4536404311656952,away_win
1958,1958-06-11,13,Mexico,Wales,0.6822307655049058,0.10864468582984294,0.2091245486652512,home_win
1958,1958-06-11,14,Paraguay,Scotland,0.5279518601872859,0.16743748638499467,0.3046106534277195,home_win
1958,1958-06-12,15,Sweden,Hungary,0.32183895474192364,0.2913326409856272,0.38682840427244913,away_win
1958,1958-06-15,16,Argentina,Czech Republic,0.6937613487243652,0.1773047149181366,0.12893393635749817,home_win
1958,1958-06-15,17,Austria,England,0.2685283422470093,0.13812869787216187,0.5933429598808289,away_win
1958,1958-06-15,18,Brazil,Russia,0.6829117740068368,0.11151665781487995,0.20557156817828323,home_win
1958,1958-06-15,19,France,Scotland,0.6616739433504956,0.16432149218554817,0.17400456446395623,home_win
1958,1958-06-15,20,Germany,Northern Ireland,0.7373910656182626,0.0766907643778736,0.1859181700038637,home_win
1958,1958-06-15,21,Hungary,Mexico,0.8249963872135763,0.1030359982539416,0.0719676145324822,home_win
1958,1958-06-15,22,Paraguay,Serbia,0.25365767449865506,0.12450272868207235,0.6218395968192726,away_win
1958,1958-06-15,23,Sweden,Wales,0.6963325454145318,0.14474128833746708,0.15892616624800113,home_win
1958,1958-06-17,24,Czech Republic,Northern Ireland,0.7417063547289441,0.07473999839857225,0.18355364687248363,home_win
1958,1958-06-17,25,England,Russia,0.6441218496904466,0.12199923105535027,0.23387891925420312,home_win
1958,1958-06-17,26,Hungary,Wales,0.8888376686289038,0.06388345598740339,0.047278875383692805,home_win
1958,1958-06-19,27,Brazil,Wales,0.8825624021983236,0.05907563142134112,0.058361966380335265,home_win
1958,1958-06-19,28,France,Northern Ireland,0.6580433151417476,0.16080851613270467,0.18114816872554765,home_win
1958,1958-06-19,29,Germany,Serbia,0.48456408851498234,0.14190272775437343,0.3735331837306442,home_win
1958,1958-06-19,30,Sweden,Russia,0.39589176761781475,0.16684163113956543,0.4372666012426198,away_win
1958,1958-06-24,31,Brazil,France,0.7614064103155374,0.11358342895532506,0.12501016072913765,home_win
1958,1958-06-24,32,Sweden,Germany,0.48993165821040696,0.2236775689221153,0.28639077286747777,home_win
1958,1958-06-28,33,France,Germany,0.4704645188360446,0.1629812641284435,0.3665542170355119,home_win
1958,1958-06-29,34,Sweden,Brazil,0.1991249233223475,0.18223201281523743,0.6186430638624151,away_win
1962,1962-05-30,0,Argentina,Bulgaria,0.7652069983274266,0.11931835203855001,0.11547464963402337,home_win
1962,1962-05-30,1,Brazil,Mexico,0.7163950373890974,0.12839101979786038,0.15521394281304224,home_win
1962,1962-05-30,2,Chile,Switzerland,0.5034456774078954,0.21571542001194627,0.28083890258015837,home_win
1962,1962-05-30,3,Colombia,Uruguay,0.21025472252801888,0.25358238060526905,0.536162896866712,away_win
1962,1962-05-31,4,Czech Republic,Spain,0.620870622059526,0.13620733605888474,0.2429220418815892,home_win
1962,1962-05-31,5,England,Hungary,0.4686625739533476,0.2125365201394713,0.3188009059071811,home_win
1962,1962-05-31,6,Germany,Italy,0.5027705505903147,0.17190380650615403,0.3253256429035312,home_win
1962,1962-05-31,7,Russia,Serbia,0.628385754150789,0.14744094845171504,0.22417329739749592,home_win
1962,1962-06-02,8,Argentina,England,0.5150052309036255,0.21129941940307617,0.27369534969329834,home_win
1962,1962-06-02,9,Brazil,Czech Republic,0.43040617017727584,0.3331552942646952,0.23643853555802896,home_win
1962,1962-06-02,10,Chile,Italy,0.37855446338653564,0.2230614423751831,0.39838409423828125,away_win
1962,1962-06-02,11,Uruguay,Serbia,0.558830516303495,0.073220761812352,0.36794872188415295,home_win
1962,1962-06-03,12,Bulgaria,Hungary,0.33767221384263674,0.25689805319601455,0.40542973296134865,away_win
1962,1962-06-03,13,Colombia,Russia,0.07832871801549234,0.0532120332668261,0.8684592487176815,away_win
1962,1962-06-03,14,Germany,Switzerland,0.4860743582248688,0.1899476945400238,0.3239779472351074,home_win
1962,1962-06-03,15,Mexico,Spain,0.36003218174076623,0.2277093895587143,0.4122584287005195,away_win
1962,1962-06-06,16,Argentina,Hungary,0.5462472709269958,0.18911676471729488,0.2646359643557093,home_win
1962,1962-06-06,17,Brazil,Spain,0.5591780030604899,0.22870700402121252,0.21211499291829755,home_win
1962,1962-06-06,18,Chile,Germany,0.48316033854307255,0.16650813072211135,0.3503315307348161,home_win
1962,1962-06-06,19,Russia,Uruguay,0.6896068351029331,0.17104683561553305,0.13934632928153382,home_win
1962,1962-06-07,20,Bulgaria,England,0.34513887248726377,0.1866366984451309,0.4682244290676053,away_win
1962,1962-06-07,21,Colombia,Serbia,0.07386036492363977,0.07645268278020184,0.8496869522961584,away_win
1962,1962-06-07,22,Czech Republic,Mexico,0.7701939883068651,0.08595324243639973,0.14385276925673507,home_win
1962,1962-06-07,23,Italy,Switzerland,0.5652062128422793,0.20697800198262925,0.22781578517509146,home_win
1962,1962-06-10,24,Brazil,England,0.4061360238153927,0.297943314971229,0.2959206612133783,home_win
1962,1962-06-10,25,Chile,Russia,0.2552635853619761,0.11697698606653574,0.6277594285714881,away_win
1962,1962-06-10,26,Czech Republic,Hungary,0.579588788139486,0.15780377858292396,0.26260743327759006,home_win
1962,1962-06-10,27,Germany,Serbia,0.4159405467519083,0.1345381865719231,0.44952126667616865,away_win
1962,1962-06-13,28,Chile,Brazil,0.15826050229696173,0.15763603936272683,0.6841034583403114,away_win
1962,1962-06-13,29,Czech Republic,Serbia,0.4409724077365009,0.10717924444721838,0.4518483478162807,away_win
1962,1962-06-16,30,Chile,Serbia,0.31004894241763564,0.14023421913734405,0.5497168384450203,away_win
1962,1962-06-17,31,Brazil,Czech Republic,0.44035170794581496,0.30762303792306894,0.2520252541311161,home_win
1966,1966-07-11,0,England,Uruguay,0.6892349380714796,0.1873449752980834,0.12342008663043702,home_win
1966,1966-07-12,1,Brazil,Bulgaria,0.7592998260155295,0.1303034742221754,0.11039669976229519,home_win
1966,1966-07-12,2,Germany,Switzerland,0.6589120030403137,0.12989424169063568,0.2111937552690506,home_win
1966,1966-07-12,3,North Korea,Russia,0.4406178724949918,0.19831306333282778,0.36106906417218043,home_win
1966,1966-07-13,4,Argentina,Spain,0.4631961951136022,0.2977303310890545,0.23907347379734328,home_win
1966,1966-07-13,5,Chile,Italy,0.3140628244262092,0.1605221879326645,0.5254149876411263,away_win
1966,1966-07-13,6,France,Mexico,0.41893130057640676,0.19980828164865266,0.3812604177749406,home_win
1966,1966-07-13,7,Hungary,Portugal,0.4839920113091462,0.18884836501786917,0.3271596236729846,home_win
1966,1966-07-15,8,Brazil,Hungary,0.5632569705954645,0.20180622932603615,0.23493680007849932,home_win
1966,1966-07-15,9,Chile,North Korea,0.39603827583903894,0.17339858929510682,0.43056313486585424,away_win
1966,1966-07-15,10,France,Uruguay,0.2583842239024606,0.192653787245545,0.5489619888519944,away_win
1966,1966-07-15,11,Spain,Switzerland,0.6966217056420191,0.16307642812913017,0.14030186622885069,home_win
1966,1966-07-16,12,Argentina,Germany,0.2664044459699922,0.23356677243759078,0.500028781592417,away_win
1966,1966-07-16,13,Bulgaria,Portugal,0.45964333174486943,0.14097008949339923,0.39938657876173134,home_win
1966,1966-07-16,14,England,Mexico,0.6119433732620384,0.23416222980860218,0.15389439692935938,home_win
1966,1966-07-16,15,Italy,Russia,0.45420702615071795,0.24828417229228955,0.2975088015569925,home_win
1966,1966-07-19,16,Argentina,Switzerland,0.6515357702055115,0.19918798213076697,0.14927624766372158,home_win
1966,1966-07-19,17,Brazil,Portugal,0.6019013017699316,0.16851522279553446,0.2295834754345339,home_win
1966,1966-07-19,18,Italy,North Korea,0.7464048210799334,0.1132029659062403,0.1403922130138262,home_win
1966,1966-07-19,19,Mexico,Uruguay,0.530134276453682,0.15504837498212978,0.31481734856418814,home_win
1966,1966-07-20,20,Bulgaria,Hungary,0.31458803542572206,0.24863566087729244,0.4367763036969855,away_win
1966,1966-07-20,21,Chile,Russia,0.401254379824065,0.1868232301964301,0.4119223899795049,away_win
1966,1966-07-20,22,England,France,0.673526306538206,0.1682567347135106,0.15821695874828345,home_win
1966,1966-07-20,23,Germany,Spain,0.5391802111390201,0.1982675314207743,0.26255225744020555,home_win
1966,1966-07-23,24,England,Argentina,0.49370819330215454,0.32874512672424316,0.1775466799736023,home_win
1966,1966-07-23,25,Germany,Uruguay,0.6115751539874891,0.14564593787398655,0.24277890813852435,home_win
1966,1966-07-23,26,Hungary,Russia,0.43374376842761386,0.1650480156384704,0.40120821593391576,home_win
1966,1966-07-23,27,North Korea,Portugal,0.5945698530291043,0.1879863114955081,0.21744383547538765,home_win
1966,1966-07-25,28,Germany,Russia,0.41096786807621116,0.1330078035738556,0.45602432834993323,away_win
1966,1966-07-26,29,England,Portugal,0.6096881031990051,0.21627475321292877,0.1740371435880661,home_win
1966,1966-07-28,30,Portugal,Russia,0.33982830226933053,0.2694148042972444,0.390756893433425,away_win
1966,1966-07-30,31,England,Germany,0.4950047021733486,0.38016416058555846,0.12483113724109296,home_win
1970,1970-05-31,0,Mexico,Russia,0.37538135051727295,0.32286736369132996,0.3017512857913971,home_win
1970,1970-06-02,1,Bulgaria,Peru,0.6485973789869958,0.18468301548609184,0.16671960552691237,home_win
1970,1970-06-02,2,England,Romania,0.6382338905597643,0.22976740852344918,0.13199870091678648,home_win
1970,1970-06-02,3,Israel,Uruguay,0.23230204332324927,0.11253298986752316,0.6551649668092275,away_win
1970,1970-06-03,4,Belgium,El Salvador,0.6487270980314671,0.1431914653296152,0.20808143663891773,home_win
1970,1970-06-03,5,Brazil,Czech Republic,0.48479964516161284,0.27419213686252253,0.2410082179758646,home_win
1970,1970-06-03,6,Germany,Morocco,0.7506346218382511,0.16083438934138997,0.08853098882035894,home_win
1970,1970-06-03,7,Italy,Sweden,0.6018472730562904,0.1376168090815303,0.26053591786217933,home_win
1970,1970-06-06,8,Belgium,Russia,0.19236108374057587,0.14133302656809946,0.6663058896913246,away_win
1970,1970-06-06,9,Czech Republic,Romania,0.6478690505027771,0.16194100677967072,0.19018994271755219,home_win
1970,1970-06-06,10,Italy,Uruguay,0.5972866415977478,0.16005270183086395,0.24266065657138824,home_win
1970,1970-06-06,11,Morocco,Peru,0.4899436454449734,0.20191573509197244,0.3081406194630542,home_win
1970,1970-06-07,12,Brazil,England,0.3642419197703552,0.17716554863247566,0.4585925315971691,away_win
1970,1970-06-07,13,Bulgaria,Germany,0.25338307400618604,0.14414061820716587,0.6024763077866481,away_win
1970,1970-06-07,14,Israel,Sweden,0.3069919256272338,0.11765154845560943,0.5753565259171568,away_win
1970,1970-06-07,15,Mexico,El Salvador,0.8200996334828519,0.1125580419773301,0.06734232453981806,home_win
1970,1970-06-10,16,Brazil,Romania,0.6442188236582981,0.1515543668535729,0.20422680948812905,home_win
1970,1970-06-10,17,El Salvador,Russia,0.12284553417103095,0.16464350118170681,0.7125109646472623,away_win
1970,1970-06-10,18,Germany,Peru,0.6753128666384091,0.1767962101579277,0.14789092320366318,home_win
1970,1970-06-10,19,Sweden,Uruguay,0.3314755012314841,0.16417514032386452,0.5043493584446513,away_win
1970,1970-06-11,20,Bulgaria,Morocco,0.4742084514231749,0.18552850463283813,0.34026304394398693,home_win
1970,1970-06-11,21,Czech Republic,England,0.25327986856221957,0.13440941474451742,0.612310716693263,away_win
1970,1970-06-11,22,Israel,Italy,0.25445002696588676,0.1339478959731444,0.6116020770609688,away_win
1970,1970-06-11,23,Mexico,Belgium,0.5772984027862549,0.2542109191417694,0.1684906780719757,home_win
1970,1970-06-14,24,Brazil,Peru,0.643332839012146,0.17925085127353668,0.17741630971431732,home_win
1970,1970-06-14,25,England,Germany,0.6168561302040757,0.1843652791813636,0.19877859061456066,home_win
1970,1970-06-14,26,Mexico,Italy,0.290495902299881,0.2503652572631836,0.4591388404369354,away_win
1970,1970-06-14,27,Russia,Uruguay,0.671721448425629,0.17898125679818902,0.14929729477618195,home_win
1970,1970-06-17,28,Brazil,Uruguay,0.6062698364257812,0.17846795916557312,0.21526220440864563,home_win
1970,1970-06-17,29,Germany,Italy,0.42165374755859375,0.2218843698501587,0.35646188259124756,home_win
1970,1970-06-20,30,Germany,Uruguay,0.6295427773824748,0.17029615000331624,0.20016107261420896,home_win
1970,1970-06-21,31,Brazil,Italy,0.44602597746136885,0.18854812434845608,0.36542589819017507,home_win
1974,1974-06-13,0,Brazil,Serbia,0.5697288767872248,0.23938479599586707,0.19088632721690807,home_win
1974,1974-06-14,1,DR Congo,Scotland,0.5761764049530029,0.17280903458595276,0.2510145604610443,home_win
1974,1974-06-14,2,East Germany,Australia,0.5928219976180197,0.24759306765815414,0.1595849347238262,home_win
1974,1974-06-14,3,Germany,Chile,0.7109775927371504,0.1994720488944039,0.08955035836844569,home_win
1974,1974-06-15,4,Italy,Haiti,0.7519578281644148,0.13786874608793298,0.11017342574765215,home_win
1974,1974-06-15,5,Poland,Argentina,0.4145834147930145,0.24374240636825562,0.34167417883872986,home_win
1974,1974-06-15,6,Sweden,Bulgaria,0.31251436471939087,0.25438252091407776,0.43310311436653137,away_win
1974,1974-06-15,7,Uruguay,Netherlands,0.38228995879188366,0.2062320766047205,0.41147796460339586,away_win
1974,1974-06-18,8,Chile,East Germany,0.2991476476700516,0.1994511366217651,0.5014012157081833,away_win
1974,1974-06-18,9,Germany,Australia,0.7290712594985962,0.17659403383731842,0.09433470666408539,home_win
1974,1974-06-18,10,Scotland,Brazil,0.18902342948247702,0.26637157003964274,0.5446050004778802,away_win
1974,1974-06-18,11,Serbia,DR Congo,0.45120730996131897,0.24711871147155762,0.3016739785671234,home_win
1974,1974-06-19,12,Argentina,Italy,0.2544255256652832,0.19629013538360596,0.5492843389511108,away_win
1974,1974-06-19,13,Bulgaria,Uruguay,0.5518808796441292,0.20077143011178283,0.24734769024408787,home_win
1974,1974-06-19,14,Haiti,Poland,0.29029400839087327,0.23289540859034322,0.4768105830187835,away_win
1974,1974-06-19,15,Netherlands,Sweden,0.4037859975727499,0.21345479468323597,0.3827592077440142,home_win
1974,1974-06-22,16,Australia,Chile,0.4479197628486121,0.18884311897818923,0.36323711817319865,home_win
1974,1974-06-22,17,DR Congo,Brazil,0.22571558073156278,0.11154273315668753,0.6627416861117497,away_win
1974,1974-06-22,18,Germany,East Germany,0.6944695322057466,0.1719077578755545,0.13362270991869896,home_win
1974,1974-06-22,19,Scotland,Serbia,0.3504932329205642,0.31461004360348116,0.3348967234759546,home_win
1974,1974-06-23,20,Argentina,Haiti,0.7131098019050032,0.14081172854917837,0.1460784695458184,home_win
1974,1974-06-23,21,Bulgaria,Netherlands,0.3869524482800827,0.24542029960691036,0.36762725211300695,home_win
1974,1974-06-23,22,Poland,Italy,0.2323626806627905,0.2773919618906986,0.4902453574465109,away_win
1974,1974-06-23,23,Sweden,Uruguay,0.5199131524536953,0.20484451069964502,0.27524233684665966,home_win
1974,1974-06-26,24,Brazil,East Germany,0.6475956939519093,0.17331810037317721,0.17908620567491343,home_win
1974,1974-06-26,25,Germany,Serbia,0.5765654954826013,0.2513339780072275,0.1721005265101712,home_win
1974,1974-06-26,26,Netherlands,Argentina,0.4406020474613323,0.17636246014721574,0.38303549239145196,home_win
1974,1974-06-26,27,Sweden,Poland,0.3768033869027082,0.2888747963644625,0.3343218167328293,home_win
1974,1974-06-30,28,Argentina,Brazil,0.32734552025794983,0.30918702483177185,0.3634674549102783,away_win
1974,1974-06-30,29,East Germany,Netherlands,0.4519967830778606,0.3427230264519292,0.20528019047021015,home_win
1974,1974-06-30,30,Germany,Sweden,0.7078107859123791,0.18710555833226286,0.10508365575535804,home_win
1974,1974-06-30,31,Poland,Serbia,0.35743246864829353,0.2437100450526158,0.3988574862990907,away_win
1974,1974-07-03,32,Argentina,East Germany,0.35367452571281005,0.20299018616988979,0.44333528811730016,away_win
1974,1974-07-03,33,Germany,Poland,0.6125766634941101,0.25877097249031067,0.12865236401557922,home_win
1974,1974-07-03,34,Netherlands,Brazil,0.27456316351890564,0.2506052255630493,0.47483161091804504,away_win
1974,1974-07-03,35,Sweden,Serbia,0.2952421307563782,0.3025857210159302,0.40217214822769165,away_win
1974,1974-07-06,36,Brazil,Poland,0.6465577772211035,0.22002467006555215,0.13341755271334438,home_win
1974,1974-07-07,37,Germany,Netherlands,0.6322676727851532,0.230813942277847,0.13691838493699982,home_win
1978,1978-06-01,0,Germany,Poland,0.5438761711120605,0.2025834023952484,0.25354042649269104,home_win
1978,1978-06-02,1,Argentina,Hungary,0.5263934888360944,0.2789474510832861,0.19465906008061945,home_win
1978,1978-06-02,2,France,Italy,0.296863725874909,0.25555121137049164,0.44758506275459936,away_win
1978,1978-06-02,3,Mexico,Tunisia,0.4459516406059265,0.3028700649738312,0.2511782944202423,home_win
1978,1978-06-03,4,Austria,Spain,0.31340887030415954,0.24502889782362566,0.44156223187221477,away_win
1978,1978-06-03,5,Brazil,Sweden,0.7598634362220764,0.12615588307380676,0.11398068070411682,home_win
1978,1978-06-03,6,Iran,Netherlands,0.24887945128797667,0.233205292123635,0.5179152565883883,away_win
1978,1978-06-03,7,Peru,Scotland,0.22228738169166662,0.21589739095706006,0.5618152273512733,away_win
1978,1978-06-06,8,Argentina,France,0.4906194063836513,0.32621820788925265,0.18316238572709603,home_win
1978,1978-06-06,9,Germany,Mexico,0.654367606211674,0.1520650937537821,0.19356730003454387,home_win
1978,1978-06-06,10,Hungary,Italy,0.32374846935272217,0.24630078673362732,0.4299507439136505,away_win
1978,1978-06-06,11,Poland,Tunisia,0.5335869868634192,0.28601506778620284,0.18039794535037793,home_win
1978,1978-06-07,12,Austria,Sweden,0.5645354986190796,0.19047191739082336,0.24499258399009705,home_win
1978,1978-06-07,13,Brazil,Spain,0.5667583346366882,0.23320989310741425,0.20003177225589752,home_win
1978,1978-06-07,14,Iran,Scotland,0.38056028456330726,0.21465768239882116,0.40478203303787164,away_win
1978,1978-06-07,15,Netherlands,Peru,0.771713708566742,0.1547398487362198,0.07354644269703818,home_win
1978,1978-06-10,16,Argentina,Italy,0.3909209966659546,0.2908606231212616,0.3182183802127838,home_win
1978,1978-06-10,17,France,Hungary,0.32600189226871407,0.3161707614711154,0.35782734626017054,away_win
1978,1978-06-10,18,Germany,Tunisia,0.6469958069546449,0.2400347530854774,0.11296943995987772,home_win
1978,1978-06-10,19,Mexico,Poland,0.31770888444347506,0.17111797885772553,0.5111731366987994,away_win
1978,1978-06-11,20,Austria,Brazil,0.2185760373301495,0.34050457654879757,0.4409193861210529,away_win
1978,1978-06-11,21,Iran,Peru,0.5875377234082736,0.2040885002639443,0.20837377632778217,home_win
1978,1978-06-11,22,Netherlands,Scotland,0.5573049949796496,0.24477990701138697,0.1979150980089634,home_win
1978,1978-06-11,23,Spain,Sweden,0.5737619314527224,0.22310429479026356,0.20313377375701408,home_win
1978,1978-06-14,24,Argentina,Poland,0.5006474405720067,0.29168478523745495,0.20766777419053836,home_win
1978,1978-06-14,25,Austria,Netherlands,0.28112664818763733,0.3029918074607849,0.41588154435157776,away_win
1978,1978-06-14,26,Brazil,Peru,0.6734091238135622,0.20457159253528162,0.1220192836511562,home_win
1978,1978-06-14,27,Germany,Italy,0.5167395395526359,0.24809133636815345,0.2351691240792107,home_win
1978,1978-06-18,28,Argentina,Brazil,0.36017112017187836,0.27151075814696424,0.3683181216811574,away_win
1978,1978-06-18,29,Austria,Italy,0.3168434609864079,0.2549290803117108,0.4282274587018812,away_win
1978,1978-06-18,30,Germany,Netherlands,0.337850545910754,0.22965900942175105,0.432490444667495,away_win
1978,1978-06-18,31,Peru,Poland,0.2676530898058306,0.22550558561856682,0.5068413245756026,away_win
1978,1978-06-21,32,Argentina,Peru,0.5412900963233397,0.28806152510551325,0.17064837857114704,home_win
1978,1978-06-21,33,Austria,Germany,0.25991524427750307,0.24651491253889707,0.49356984318359987,away_win
1978,1978-06-21,34,Brazil,Poland,0.6254320051456689,0.20468870990442173,0.16987928494990936,home_win
1978,1978-06-21,35,Italy,Netherlands,0.2798517859026257,0.2691568652046661,0.45099134889270814,away_win
1978,1978-06-24,36,Brazil,Italy,0.6011815667152405,0.2108624279499054,0.18795600533485413,home_win
1978,1978-06-25,37,Argentina,Netherlands,0.2388150656399866,0.1968421459668555,0.5643427883931579,away_win
1982,1982-06-13,0,Argentina,Belgium,0.5816524711497496,0.29592645609269225,0.12242107275755812,home_win
1982,1982-06-14,1,Brazil,Russia,0.5407189726829529,0.2191438525915146,0.24013717472553253,home_win
1982,1982-06-14,2,Italy,Poland,0.3540894687175751,0.2186090648174286,0.42730146646499634,away_win
1982,1982-06-15,3,Hungary,El Salvador,0.5398906904491576,0.22725442864732656,0.23285488090351578,home_win
1982,1982-06-15,4,Peru,Cameroon,0.3580777943134308,0.2627212107181549,0.3792009949684143,away_win
1982,1982-06-15,5,Scotland,New Zealand,0.3682239243917488,0.2739072956470461,0.35786877996120514,home_win
1982,1982-06-16,6,England,France,0.5316832144809248,0.2343175297128786,0.23399925580619657,home_win
1982,1982-06-16,7,Germany,Algeria,0.6209495663642883,0.2551336884498596,0.12391674518585205,home_win
1982,1982-06-16,8,Spain,Honduras,0.6274012514174357,0.219699448934181,0.15289929964838325,home_win
1982,1982-06-17,9,Chile,Austria,0.2769676272705627,0.22942292225761365,0.4936094504718237,away_win
1982,1982-06-17,10,Czech Republic,Kuwait,0.45209636325074865,0.24853708961026771,0.29936654713898364,home_win
1982,1982-06-17,11,Serbia,Northern Ireland,0.6657393673917557,0.1820524660058687,0.1522081666023756,home_win
1982,1982-06-18,12,Argentina,Hungary,0.6037982421114124,0.27723865166806105,0.11896310622052657,home_win
1982,1982-06-18,13,Brazil,Scotland,0.7265701185677927,0.1624187355873177,0.1110111458448895,home_win
1982,1982-06-18,14,Italy,Peru,0.5501519359625587,0.2362571323475669,0.21359093168987436,home_win
1982,1982-06-19,15,Belgium,El Salvador,0.6464782453548646,0.2062280953858509,0.14729365925928442,home_win
1982,1982-06-19,16,Poland,Cameroon,0.4681201418674034,0.25852812106991174,0.2733517370626848,home_win
1982,1982-06-19,17,Russia,New Zealand,0.5970948934555054,0.2218896597623825,0.18101544678211212,home_win
1982,1982-06-20,18,England,Czech Republic,0.5025101825220856,0.2648397048586651,0.23265011261924934,home_win
1982,1982-06-20,19,Germany,Chile,0.59233083988715,0.276943964225529,0.13072519588732104,home_win
1982,1982-06-20,20,Spain,Serbia,0.6539897322654724,0.17734064161777496,0.16866962611675262,home_win
1982,1982-06-21,21,Algeria,Austria,0.2408149242401123,0.2235139012336731,0.5356711745262146,away_win
1982,1982-06-21,22,France,Kuwait,0.46157318353652954,0.2458345890045166,0.29259222745895386,home_win
1982,1982-06-21,23,Honduras,Northern Ireland,0.47785340895593503,0.20480074903968346,0.3173458420043815,home_win
1982,1982-06-22,24,Belgium,Hungary,0.5434368009819031,0.21579805541941277,0.2407651435986842,home_win
1982,1982-06-22,25,Poland,Peru,0.5411862730979919,0.2165864109992981,0.24222731590270996,home_win
1982,1982-06-22,26,Russia,Scotland,0.6675510655176291,0.21140917433087433,0.12103976015149653,home_win
1982,1982-06-23,27,Argentina,El Salvador,0.6797576051914335,0.22821319443305127,0.09202920037551522,home_win
1982,1982-06-23,28,Brazil,New Zealand,0.6235005948469131,0.21559295379508964,0.16090645135799722,home_win
1982,1982-06-23,29,Italy,Cameroon,0.48061368585547337,0.27427792957839264,0.24510838456613399,home_win
1982,1982-06-24,30,Algeria,Chile,0.38543684439172876,0.26882488336637267,0.34573827224189857,home_win
1982,1982-06-24,31,France,Czech Republic,0.3994186222553253,0.2600564956665039,0.3405248820781708,home_win
1982,1982-06-24,32,Honduras,Serbia,0.30641476689643116,0.18864028999091492,0.5049449431126539,away_win
1982,1982-06-25,33,England,Kuwait,0.4933497383199593,0.28492451138681935,0.22172575029322134,home_win
1982,1982-06-25,34,Germany,Austria,0.7000673800686783,0.1419486063138066,0.15798401361751516,home_win
1982,1982-06-25,35,Spain,Northern Ireland,0.6108603659528603,0.25495053097458276,0.13418910307255694,home_win
1982,1982-06-28,36,Austria,France,0.44836180426307637,0.21581977080493142,0.3358184249319922,home_win
1982,1982-06-28,37,Poland,Belgium,0.4917681363751929,0.2412377965819179,0.2669940670428892,home_win
1982,1982-06-29,38,Germany,England,0.5560344540481933,0.1913162051337392,0.2526493408180675,home_win
1982,1982-06-29,39,Italy,Argentina,0.27786165475845337,0.23360729217529297,0.48853105306625366,away_win
1982,1982-07-01,40,Austria,Northern Ireland,0.6529287099838257,0.21128568053245544,0.13578560948371887,home_win
1982,1982-07-01,41,Belgium,Russia,0.2264361117249148,0.24469806618538598,0.5288658220896992,away_win
1982,1982-07-02,42,Argentina,Brazil,0.29839280247688293,0.2788725197315216,0.42273467779159546,away_win
1982,1982-07-02,43,Spain,Germany,0.3882542483958154,0.21988032578708683,0.39186542581709777,away_win
1982,1982-07-04,44,France,Northern Ireland,0.6325240323699722,0.23285096087607624,0.1346250067539515,home_win
1982,1982-07-04,45,Poland,Russia,0.27863646799190944,0.2145534998723939,0.5068100321356966,away_win
1982,1982-07-05,46,Italy,Brazil,0.2764686942100525,0.18521493673324585,0.5383163690567017,away_win
1982,1982-07-05,47,Spain,England,0.46136380616914646,0.26734421453905743,0.27129197929179605,home_win
1982,1982-07-08,48,Germany,France,0.6406728816232944,0.18801560068176987,0.17131151769493572,home_win
1982,1982-07-08,49,Poland,Italy,0.4319671819200272,0.2661969741045527,0.3018358439754201,home_win
1982,1982-07-10,50,Poland,France,0.42452130986813635,0.2667056401582253,0.30877304997363836,home_win
1982,1982-07-11,51,Italy,Germany,0.26754364769970845,0.17175622540349103,0.5607001268968005,away_win
1986,1986-05-31,0,Bulgaria,Italy,0.30616362514360435,0.24228460003653465,0.451551774819861,away_win
1986,1986-06-01,1,Canada,France,0.15392369031906128,0.23031437397003174,0.615761935710907,away_win
1986,1986-06-01,2,Spain,Brazil,0.3230684995651245,0.2533789277076721,0.42355257272720337,away_win
1986,1986-06-02,3,Argentina,South Korea,0.5071285291443984,0.23979599416559944,0.25307547669000213,home_win
1986,1986-06-02,4,Morocco,Poland,0.3887467914072747,0.29249750331029317,0.31875570528243213,home_win
1986,1986-06-02,5,Russia,Hungary,0.3804712664800127,0.316528837887714,0.3029998956322732,home_win
1986,1986-06-03,6,Algeria,Northern Ireland,0.31220321916928234,0.22754021800934618,0.46025656282137145,away_win
1986,1986-06-03,7,Mexico,Belgium,0.6029474139213562,0.24798081815242767,0.14907176792621613,home_win
1986,1986-06-03,8,Portugal,England,0.18323134158896418,0.3331932177125397,0.4835754406984961,away_win
1986,1986-06-04,9,Paraguay,Iraq,0.4742635857204137,0.2472050375819957,0.2785313766975906,home_win
1986,1986-06-04,10,Scotland,Denmark,0.46771268450357567,0.23435161216114794,0.29793570333527636,home_win
1986,1986-06-04,11,Uruguay,Germany,0.24850119659297487,0.2143433860335716,0.5371554173734535,away_win
1986,1986-06-05,12,France,Russia,0.44327466358915973,0.2372941602082801,0.3194311762025602,home_win
1986,1986-06-05,13,Italy,Argentina,0.4167944962741585,0.24892585727793404,0.3342796464479075,home_win
1986,1986-06-05,14,South Korea,Bulgaria,0.3603696715721586,0.2578986210257226,0.3817317074021188,away_win
1986,1986-06-06,15,Brazil,Algeria,0.5870595065811203,0.2585903146652924,0.15435017875358728,home_win
1986,1986-06-06,16,England,Morocco,0.5377855977086067,0.33151171105372473,0.13070269123766856,home_win
1986,1986-06-06,17,Hungary,Canada,0.6741205755228061,0.1671026125745153,0.15877681190267853,home_win
1986,1986-06-07,18,Mexico,Paraguay,0.5847893270136516,0.2596170267519798,0.15559364623436858,home_win
1986,1986-06-07,19,Northern Ireland,Spain,0.27820854549978535,0.2811373984474719,0.4406540560527427,away_win
1986,1986-06-07,20,Poland,Portugal,0.3831791991942882,0.27989039659173476,0.33693040421397696,home_win
1986,1986-06-08,21,Denmark,Uruguay,0.4059705017217844,0.2471392379063595,0.3468902603718561,home_win
1986,1986-06-08,22,Germany,Scotland,0.4492921665099909,0.3541490541144924,0.19655877937551675,home_win
1986,1986-06-08,23,Iraq,Belgium,0.33813488483428955,0.21871459484100342,0.44315052032470703,away_win
1986,1986-06-09,24,Hungary,France,0.3453491135045622,0.21608621526021407,0.43856467123522375,away_win
1986,1986-06-09,25,Russia,Canada,0.7493976950645447,0.15020409226417542,0.10039821267127991,home_win
1986,1986-06-10,26,Argentina,Bulgaria,0.4074144777321304,0.23431161488689714,0.3582739073809725,home_win
1986,1986-06-10,27,South Korea,Italy,0.2645193000954494,0.22444961630628085,0.5110310835982698,away_win
1986,1986-06-11,28,England,Poland,0.5410648423115956,0.2590757531203105,0.19985940456809387,home_win
1986,1986-06-11,29,Mexico,Iraq,0.5696788088833753,0.29994438439359,0.13037680672303467,home_win
1986,1986-06-11,30,Paraguay,Belgium,0.35943994997262807,0.28014374614190296,0.36041630388546897,away_win
1986,1986-06-11,31,Portugal,Morocco,0.4696701099027677,0.20354608888110387,0.32678380121612843,home_win
1986,1986-06-12,32,Algeria,Spain,0.25740150000753254,0.221812445250339,0.5207860547421285,away_win
1986,1986-06-12,33,Northern Ireland,Brazil,0.29118372254468666,0.21698163646569035,0.491834640989623,away_win
1986,1986-06-13,34,Denmark,Germany,0.2863714609631461,0.24966724962987752,0.4639612894069764,away_win
1986,1986-06-13,35,Scotland,Uruguay,0.31122028827667236,0.3084706962108612,0.38030901551246643,away_win
1986,1986-06-15,36,Mexico,Bulgaria,0.5381571650505066,0.2992209494113922,0.1626218855381012,home_win
1986,1986-06-15,37,Russia,Belgium,0.5568337606440115,0.25483579202997064,0.18833044732601784,home_win
1986,1986-06-16,38,Argentina,Uruguay,0.4505115017142444,0.24063464282051794,0.30885385546523764,home_win
1986,1986-06-16,39,Brazil,Poland,0.5367062607898375,0.26318901385085264,0.20010472535930984,home_win
1986,1986-06-17,40,Italy,France,0.3272931174810599,0.225838197817695,0.44686868470124513,away_win
1986,1986-06-17,41,Morocco,Germany,0.19243247520279178,0.24555462232895758,0.5620129024682506,away_win
1986,1986-06-18,42,Denmark,Spain,0.3545940028010012,0.26437855554755196,0.38102744165144686,away_win
1986,1986-06-18,43,England,Paraguay,0.5745092544777802,0.24177072581990472,0.18372001970231502,home_win
1986,1986-06-21,44,Brazil,France,0.3287372091036203,0.21605143594895113,0.45521135494742854,away_win
1986,1986-06-21,45,Mexico,Germany,0.4327554444816444,0.26874218769418073,0.2985023678241749,home_win
1986,1986-06-22,46,Argentina,England,0.2252807136583222,0.36327930743576126,0.41143997890591655,away_win
1986,1986-06-22,47,Spain,Belgium,0.510123610496521,0.26537835597991943,0.22449803352355957,home_win
1986,1986-06-25,48,Argentina,Belgium,0.5155290807625925,0.2463278548023744,0.23814306443503308,home_win
1986,1986-06-25,49,France,Germany,0.40692316879446555,0.20786292541231327,0.38521390579322123,home_win
1986,1986-06-28,50,France,Belgium,0.5310157975251735,0.2782796240365617,0.19070457843826477,home_win
1986,1986-06-29,51,Argentina,Germany,0.2855670622482719,0.22952864038071155,0.48490429737101653,away_win
1990,1990-06-08,0,Argentina,Cameroon,0.47852777593707035,0.316686286778135,0.20478593728479463,home_win
1990,1990-06-09,1,Italy,Austria,0.633839764227853,0.24413345719179255,0.12202677858035436,home_win
1990,1990-06-09,2,Russia,Romania,0.4883349683384588,0.25490731760583274,0.25675771405570846,home_win
1990,1990-06-09,3,United Arab Emirates,Colombia,0.17936279146913872,0.224988791718912,0.5956484168119492,away_win
1990,1990-06-10,4,Brazil,Sweden,0.42702651023864746,0.2647399306297302,0.3082335591316223,home_win
1990,1990-06-10,5,Germany,Serbia,0.5081603820228349,0.30589221084760365,0.18594740712956148,home_win
1990,1990-06-10,6,United States,Czech Republic,0.18861839737350933,0.2411976528524653,0.5701839497740254,away_win
1990,1990-06-11,7,Costa Rica,Scotland,0.27065771011538176,0.2968943030567675,0.43244798682785074,away_win
1990,1990-06-11,8,England,Republic of Ireland,0.48126509673983436,0.3219225598527527,0.19681234340741297,home_win
1990,1990-06-12,9,Belgium,South Korea,0.3497716784477234,0.3186386227607727,0.3315896987915039,home_win
1990,1990-06-12,10,Netherlands,Egypt,0.6122067801829112,0.24452152880897945,0.14327169100810938,home_win
1990,1990-06-13,11,Argentina,Russia,0.29076696308752786,0.2735695026388616,0.43566353427361054,away_win
1990,1990-06-13,12,Uruguay,Spain,0.27238139510154724,0.26260119676589966,0.4650174081325531,away_win
1990,1990-06-14,13,Cameroon,Romania,0.22442902959032401,0.2745156627076218,0.5010553077020542,away_win
1990,1990-06-14,14,Italy,United States,0.8196664299878026,0.12443069136830621,0.05590287864389124,home_win
1990,1990-06-14,15,Serbia,Colombia,0.6006852477891035,0.2570912280245308,0.14222352418636566,home_win
1990,1990-06-15,16,Austria,Czech Republic,0.27018579840660095,0.2944659888744354,0.4353482127189636,away_win
1990,1990-06-15,17,Germany,United Arab Emirates,0.8292714728089335,0.10844989605769051,0.062278631133375964,home_win
1990,1990-06-16,18,Brazil,Costa Rica,0.6989317096531028,0.21858707558930834,0.08248121475758884,home_win
1990,1990-06-16,19,England,Netherlands,0.41750187926,0.22113672557880656,0.3613613951611935,home_win
1990,1990-06-16,20,Sweden,Scotland,0.6818177002397522,0.18954267815436904,0.12863962160587875,home_win
1990,1990-06-17,21,Belgium,Uruguay,0.42801834428365065,0.2500888481762662,0.32189280754008315,home_win
1990,1990-06-17,22,Republic of Ireland,Egypt,0.5314206997838512,0.2711206336152459,0.1974586666009029,home_win
1990,1990-06-17,23,South Korea,Spain,0.25349179665719856,0.2693269929089246,0.47718121043387685,away_win
1990,1990-06-18,24,Argentina,Romania,0.3131463024957866,0.2559823172087168,0.4308713802954966,away_win
1990,1990-06-18,25,Cameroon,Russia,0.18079616811292612,0.22671521186611598,0.5924886200209579,away_win
1990,1990-06-19,26,Austria,United States,0.5880022732615809,0.20811418008974464,0.20388354664867442,home_win
1990,1990-06-19,27,Germany,Colombia,0.6482342884470734,0.22200358742464818,0.12976212412827837,home_win
1990,1990-06-19,28,Italy,Czech Republic,0.5760726075139966,0.29703061444920537,0.12689677803679802,home_win
1990,1990-06-19,29,Serbia,United Arab Emirates,0.7536549792782956,0.15278891184296942,0.09355610887873497,home_win
1990,1990-06-20,30,Brazil,Scotland,0.6291740630443999,0.24366638427475668,0.12715955268084336,home_win
1990,1990-06-20,31,Sweden,Costa Rica,0.730675648609931,0.16238467637277657,0.10693967501729243,home_win
1990,1990-06-21,32,Belgium,Spain,0.259231500052467,0.2856870804522312,0.45508141949530184,away_win
1990,1990-06-21,33,England,Egypt,0.6834891932682813,0.21727576528078668,0.09923504145093201,home_win
1990,1990-06-21,34,Republic of Ireland,Netherlands,0.33619676517560637,0.2263435769225548,0.4374596579018388,away_win
1990,1990-06-21,35,South Korea,Uruguay,0.34419905626477215,0.24395651751821462,0.4118444262170132,away_win
1990,1990-06-23,36,Cameroon,Colombia,0.34649835069472645,0.288799771332734,0.3647018779725396,away_win
1990,1990-06-23,37,Czech Republic,Costa Rica,0.6763178513239534,0.19649658778289483,0.1271855608931518,home_win
1990,1990-06-24,38,Brazil,Argentina,0.5364585518836975,0.28817418217658997,0.17536726593971252,home_win
1990,1990-06-24,39,Germany,Netherlands,0.4326383898448464,0.2468302323469589,0.3205313778081947,home_win
1990,1990-06-25,40,Italy,Uruguay,0.5845855139755688,0.2759740177977391,0.13944046822669215,home_win
1990,1990-06-25,41,Republic of Ireland,Romania,0.44568654571095384,0.25191621493793814,0.302397239351108,home_win
1990,1990-06-26,42,England,Belgium,0.52927046225562,0.2537746689651211,0.2169548687792589,home_win
1990,1990-06-26,43,Spain,Serbia,0.4593448179764991,0.31932986734300456,0.2213253146804963,home_win
1990,1990-06-30,44,Italy,Republic of Ireland,0.625128617508283,0.24911646173720864,0.12575492075450836,home_win
1990,1990-06-30,45,Serbia,Argentina,0.5285344562371237,0.2786851442252056,0.19278039953767062,home_win
1990,1990-07-01,46,Cameroon,England,0.16964564232962256,0.24331296215394027,0.5870413955164372,away_win
1990,1990-07-01,47,Germany,Czech Republic,0.5349949518591918,0.27025916769714403,0.1947458804436642,home_win
1990,1990-07-03,48,Italy,Argentina,0.6232200860977173,0.2604353129863739,0.11634460091590881,home_win
1990,1990-07-04,49,Germany,England,0.42593328875502084,0.2565347475846187,0.31753196366036046,home_win
1990,1990-07-07,50,Italy,England,0.5139719247817993,0.29556161165237427,0.19046646356582642,home_win
1990,1990-07-08,51,Germany,Argentina,0.5700769935536832,0.27792331162209344,0.1519996948242233,home_win
1994,1994-06-17,0,Germany,Bolivia,0.7251613520037725,0.18767809308534583,0.08716055491088168,home_win
1994,1994-06-17,1,Spain,South Korea,0.586079443330798,0.22875876851327606,0.185161788155926,home_win
1994,1994-06-18,2,Colombia,Romania,0.5022821276699863,0.2704377093780723,0.2272801629519414,home_win
1994,1994-06-18,3,Italy,Republic of Ireland,0.5552927686186799,0.292083940145852,0.15262329123546806,home_win
1994,1994-06-18,4,United States,Switzerland,0.3362298708030543,0.29475376888375787,0.36901636031318785,away_win
1994,1994-06-19,5,Belgium,Morocco,0.4713884575002466,0.2655384698831123,0.2630730726166411,home_win
1994,1994-06-19,6,Cameroon,Sweden,0.23487462453357316,0.25013772025909603,0.5149876552073308,away_win
1994,1994-06-19,7,Norway,Mexico,0.3588523161753322,0.3220750295497468,0.319072654274921,home_win
1994,1994-06-20,8,Brazil,Russia,0.5394838967996255,0.22005065947695585,0.24046544372341866,home_win
1994,1994-06-20,9,Netherlands,Saudi Arabia,0.6895825554617097,0.17532210758378622,0.1350953369545041,home_win
1994,1994-06-21,10,Argentina,Greece,0.6238669474184387,0.22893022467507906,0.14720282790648218,home_win
1994,1994-06-21,11,Germany,Spain,0.4913133900454666,0.29251034375326385,0.21617626620126962,home_win
1994,1994-06-21,12,Nigeria,Bulgaria,0.4954782352525259,0.24073315798143807,0.26378860676603605,home_win
1994,1994-06-22,13,Romania,Switzerland,0.33441309137383374,0.28020418525350643,0.3853827233726598,away_win
1994,1994-06-22,14,United States,Colombia,0.2794089615345001,0.3578600287437439,0.362731009721756,away_win
1994,1994-06-23,15,Italy,Norway,0.45837377818861935,0.36365743929658173,0.1779687825147989,home_win
1994,1994-06-23,16,South Korea,Bolivia,0.5522072562071945,0.2573539431700383,0.19043880062276725,home_win
1994,1994-06-24,17,Brazil,Cameroon,0.5754281878471375,0.21707099676132202,0.20750081539154053,home_win
1994,1994-06-24,18,Mexico,Republic of Ireland,0.38880640268325806,0.25790706276893616,0.3532865345478058,home_win
1994,1994-06-24,19,Sweden,Russia,0.44958537516506764,0.2946173426280822,0.25579728220685016,home_win
1994,1994-06-25,20,Argentina,Nigeria,0.4727503798231596,0.27644202937012996,0.25080759080671045,home_win
1994,1994-06-25,21,Belgium,Netherlands,0.31081891986188054,0.21284264960416108,0.4763384305339584,away_win
1994,1994-06-25,22,Saudi Arabia,Morocco,0.32604623812574857,0.342837641919781,0.3311161199544704,draw
1994,1994-06-26,23,Bulgaria,Greece,0.5393327394227275,0.2650584837040531,0.19560877687321937,home_win
1994,1994-06-26,24,Switzerland,Colombia,0.34373227693246144,0.3172158707847672,0.33905185228277135,home_win
1994,1994-06-26,25,United States,Romania,0.4048959016799927,0.26682591438293457,0.32827818393707275,home_win
1994,1994-06-27,26,Bolivia,Spain,0.20322493324354093,0.2753910504398063,0.5213840163166528,away_win
1994,1994-06-27,27,Germany,South Korea,0.6705526909396854,0.19032931895045396,0.1391179901098606,home_win
1994,1994-06-28,28,Brazil,Sweden,0.4585513267568651,0.24811232470963934,0.2933363485334956,home_win
1994,1994-06-28,29,Italy,Mexico,0.5450378575170359,0.30148368624622096,0.15347845623674308,home_win
1994,1994-06-28,30,Republic of Ireland,Norway,0.36116899963709714,0.3347890575292987,0.30404194283360414,home_win
1994,1994-06-28,31,Russia,Cameroon,0.495035477204525,0.31354038505820697,0.19142413773726802,home_win
1994,1994-06-29,32,Belgium,Saudi Arabia,0.5002393946158615,0.2786249344926298,0.22113567089150865,home_win
1994,1994-06-29,33,Morocco,Netherlands,0.25742485735677395,0.20983020648613265,0.5327449361570934,away_win
1994,1994-06-30,34,Argentina,Bulgaria,0.5051977038383484,0.29344138503074646,0.20136091113090515,home_win
1994,1994-06-30,35,Greece,Nigeria,0.2849268913269043,0.25283339619636536,0.46223971247673035,away_win
1994,1994-07-02,36,Germany,Belgium,0.5874813374126356,0.23769941144285833,0.17481925114450608,home_win
1994,1994-07-02,37,Spain,Switzerland,0.36542525085361305,0.26506398708009643,0.3695107620662905,away_win
1994,1994-07-03,38,Romania,Argentina,0.3542146577175064,0.28209232443295945,0.36369301784953423,away_win
1994,1994-07-03,39,Saudi Arabia,Sweden,0.18674437979972927,0.256619755277332,0.5566358649229387,away_win
1994,1994-07-04,40,Netherlands,Republic of Ireland,0.5276549458503723,0.23432855308055878,0.2380165010690689,home_win
1994,1994-07-04,41,United States,Brazil,0.29976901412010193,0.24600234627723694,0.45422863960266113,away_win
1994,1994-07-05,42,Mexico,Bulgaria,0.4942924303245141,0.2596024092854146,0.2461051603900713,home_win
1994,1994-07-05,43,Nigeria,Italy,0.2630216322528343,0.24468271466000588,0.49229565308715983,away_win
1994,1994-07-09,44,Italy,Spain,0.45691553695877474,0.3246552203004709,0.21842924274075437,home_win
1994,1994-07-09,45,Netherlands,Brazil,0.4406985110148566,0.24287085597024644,0.316430633014897,home_win
1994,1994-07-10,46,Bulgaria,Germany,0.22108459802097974,0.22847812218186442,0.5504372797971558,away_win
1994,1994-07-10,47,Romania,Sweden,0.26489674255559614,0.2597744387455452,0.4753288186988587,away_win
1994,1994-07-13,48,Bulgaria,Italy,0.23084438305298763,0.2748421307723762,0.4943134861746362,away_win
1994,1994-07-13,49,Sweden,Brazil,0.3447482441998233,0.242174144484437,0.41307761131573967,away_win
1994,1994-07-16,50,Sweden,Bulgaria,0.5317514301053541,0.2609063866329318,0.20734218326171414,home_win
1994,1994-07-17,51,Brazil,Italy,0.43228550697649304,0.22998243108313224,0.33773206194037475,home_win
1998,1998-06-10,0,Brazil,Scotland,0.7325926695984851,0.20558180680803234,0.061825523593482506,home_win
1998,1998-06-10,1,Morocco,Norway,0.3097968651384582,0.2462570481560074,0.44394608670553437,away_win
1998,1998-06-11,2,Cameroon,Austria,0.3044991447851189,0.23078621580025233,0.46471463941462876,away_win
1998,1998-06-11,3,Italy,Chile,0.5023234189941537,0.2986809193301749,0.19899566167567143,home_win
1998,1998-06-12,4,France,South Africa,0.7629614813459582,0.15913068469452937,0.07790783395951244,home_win
1998,1998-06-12,5,Paraguay,Bulgaria,0.2800894170932906,0.22407197772920298,0.49583860517750644,away_win
1998,1998-06-12,6,Saudi Arabia,Denmark,0.21911583003746957,0.2650337894270953,0.5158503805354351,away_win
1998,1998-06-13,7,Netherlands,Belgium,0.582761287689209,0.20875027775764465,0.20848843455314636,home_win
1998,1998-06-13,8,South Korea,Mexico,0.3290642499923706,0.28473880887031555,0.38619694113731384,away_win
1998,1998-06-13,9,Spain,Nigeria,0.702371814776307,0.20399136233355517,0.09363682289013794,home_win
1998,1998-06-14,10,Argentina,Japan,0.5738660268147596,0.241846494133666,0.18428747905157444,home_win
1998,1998-06-14,11,Jamaica,Croatia,0.3020578071781666,0.2192549589165294,0.478687233905304,away_win
1998,1998-06-14,12,Serbia,Iran,0.6184102296829224,0.26460519433021545,0.11698457598686218,home_win
1998,1998-06-15,13,England,Tunisia,0.6653112868265999,0.19176867890013277,0.1429200342732673,home_win
1998,1998-06-15,14,Germany,United States,0.689707906084116,0.17252188202091523,0.13777021189496869,home_win
1998,1998-06-15,15,Romania,Colombia,0.610492467880249,0.2012113779783249,0.1882961541414261,home_win
1998,1998-06-16,16,Brazil,Morocco,0.7195743596744079,0.17650283084052068,0.10392280948507147,home_win
1998,1998-06-16,17,Scotland,Norway,0.30149176716804504,0.27715998888015747,0.4213482439517975,away_win
1998,1998-06-17,18,Chile,Austria,0.5074157345629812,0.23803495934761879,0.2545493060894,home_win
1998,1998-06-17,19,Italy,Cameroon,0.7068267955358803,0.16609498610951026,0.12707821835460933,home_win
1998,1998-06-18,20,France,Saudi Arabia,0.7067162885261135,0.20936372564191036,0.08391998583197614,home_win
1998,1998-06-18,21,South Africa,Denmark,0.27579857973743827,0.23127416009263396,0.4929272601699278,away_win
1998,1998-06-19,22,Nigeria,Bulgaria,0.3504196651217391,0.24173928437025421,0.4078410505080067,away_win
1998,1998-06-19,23,Spain,Paraguay,0.6864866222884244,0.20620450992001624,0.10730886779155933,home_win
1998,1998-06-20,24,Belgium,Mexico,0.3297947992353856,0.248555708655055,0.4216494921095594,away_win
1998,1998-06-20,25,Japan,Croatia,0.34330938711869474,0.20704576937649685,0.4496448435048084,away_win
1998,1998-06-20,26,Netherlands,South Korea,0.5645886827882732,0.2192907547739373,0.21612056243778952,home_win
1998,1998-06-21,27,Argentina,Jamaica,0.5311102271080017,0.26407748460769653,0.20481228828430176,home_win
1998,1998-06-21,28,Germany,Serbia,0.5326826889921837,0.21564690563958322,0.25167040536823304,home_win
1998,1998-06-21,29,United States,Iran,0.48853703605328447,0.26892196731385637,0.24254099663285916,home_win
1998,1998-06-22,30,Colombia,Tunisia,0.5186951988352179,0.22607248542036795,0.25523231574441413,home_win
1998,1998-06-22,31,Romania,England,0.293871066156892,0.2690894523534342,0.4370394814896738,away_win
1998,1998-06-23,32,Brazil,Norway,0.47778044574798484,0.25019130856368865,0.2720282456883265,home_win
1998,1998-06-23,33,Chile,Cameroon,0.559497603170538,0.24777891111044453,0.19272348571901748,home_win
1998,1998-06-23,34,Italy,Austria,0.6716732282687242,0.19289998422712112,0.13542678750415463,home_win
1998,1998-06-23,35,Scotland,Morocco,0.3185166228701697,0.22699473935397033,0.45448863777585996,away_win
1998,1998-06-24,36,France,Denmark,0.531243093777345,0.32532895096136555,0.1434279552612894,home_win
1998,1998-06-24,37,Nigeria,Paraguay,0.4458319709947118,0.2616192024463653,0.29254882655892295,home_win
1998,1998-06-24,38,South Africa,Saudi Arabia,0.4241102337837219,0.2952471971511841,0.280642569065094,home_win
1998,1998-06-24,39,Spain,Bulgaria,0.7240622693602909,0.1976507022801839,0.07828702835952511,home_win
1998,1998-06-25,40,Belgium,South Korea,0.40899354219436646,0.27151766419410706,0.3194887936115265,home_win
1998,1998-06-25,41,Germany,Iran,0.6891722371054185,0.16252640653283568,0.14830135636174577,home_win
1998,1998-06-25,42,Netherlands,Mexico,0.5250369906425476,0.24390843510627747,0.23105457425117493,home_win
1998,1998-06-25,43,United States,Serbia,0.280008878111707,0.21885667415176818,0.5011344477365248,away_win
1998,1998-06-26,44,Argentina,Croatia,0.4466780557238476,0.21360448639406224,0.3397174578820901,home_win
1998,1998-06-26,45,Colombia,England,0.1751754757043045,0.3511260800231409,0.4736984442725546,away_win
1998,1998-06-26,46,Japan,Jamaica,0.4847037638635565,0.2936454502834514,0.2216507858529921,home_win
1998,1998-06-26,47,Romania,Tunisia,0.6036263704299927,0.20358382165431976,0.19278980791568756,home_win
1998,1998-06-27,48,Brazil,Chile,0.6559529998295456,0.24235327902962683,0.10169372114082756,home_win
1998,1998-06-27,49,Italy,Norway,0.44853650186847144,0.28924243780248055,0.262221060329048,home_win
1998,1998-06-28,50,France,Paraguay,0.7603477978499056,0.17376886762566163,0.06588333452443275,home_win
1998,1998-06-28,51,Nigeria,Denmark,0.3077506835609267,0.25339446941647115,0.43885484702260213,away_win
1998,1998-06-29,52,Germany,Mexico,0.5034274383868659,0.2748794216680613,0.22169313994507284,home_win
1998,1998-06-29,53,Netherlands,Serbia,0.3869385238569535,0.24790320539186017,0.36515827075118634,home_win
1998,1998-06-30,54,Argentina,England,0.3118971083133551,0.30091653170932925,0.38718635997731565,away_win
1998,1998-06-30,55,Romania,Croatia,0.4658914735035379,0.19934804440516168,0.33476048209130044,home_win
1998,1998-07-03,56,Brazil,Denmark,0.6183620783442568,0.25417566678189735,0.1274622548738458,home_win
1998,1998-07-03,57,France,Italy,0.5144588947296143,0.2934914827346802,0.19204962253570557,home_win
1998,1998-07-04,58,Germany,Croatia,0.6230655591070157,0.18768242840539345,0.18925201248759088,home_win
1998,1998-07-04,59,Netherlands,Argentina,0.5036511571303355,0.25380397599351334,0.24254486687615118,home_win
1998,1998-07-07,60,Brazil,Netherlands,0.5028725491258151,0.3061837094806303,0.19094374139355458,home_win
1998,1998-07-08,61,France,Croatia,0.6175786072737394,0.21606353771497197,0.16635785501128866,home_win
1998,1998-07-11,62,Netherlands,Croatia,0.571264897081335,0.1992638171048246,0.22947128581384038,home_win
1998,1998-07-12,63,France,Brazil,0.24121752381324768,0.3990139961242676,0.35976848006248474,draw
2002,2002-05-31,0,France,Senegal,0.6810148459824151,0.2349410539111652,0.08404410010641962,home_win
2002,2002-06-01,1,Germany,Saudi Arabia,0.5901120901107788,0.2186538577079773,0.1912340521812439,home_win
2002,2002-06-01,2,Republic of Ireland,Cameroon,0.44011709094047546,0.2526382803916931,0.3072446286678314,home_win
2002,2002-06-01,3,Uruguay,Denmark,0.27057789143455674,0.2319725911633616,0.49744951740208165,away_win
2002,2002-06-02,4,Argentina,Nigeria,0.5021385922071967,0.3001066908192624,0.1977547169735409,home_win
2002,2002-06-02,5,England,Sweden,0.4313125248057764,0.3334302554513476,0.235257219742876,home_win
2002,2002-06-02,6,Paraguay,South Africa,0.5047170444620096,0.23712552730552067,0.25815742823246973,home_win
2002,2002-06-02,7,Spain,Slovenia,0.6664926310406233,0.21422128060130358,0.11928608835807311,home_win
2002,2002-06-03,8,Brazil,Turkey,0.5870651936352912,0.24679457038069202,0.16614023598401684,home_win
2002,2002-06-03,9,Croatia,Mexico,0.44119372613392627,0.3086285477059214,0.2501777261601523,home_win
2002,2002-06-03,10,Italy,Ecuador,0.6161858668992619,0.2659866312886265,0.11782750181211166,home_win
2002,2002-06-04,11,China,Costa Rica,0.336158265585951,0.2854327772428758,0.3784089571711732,away_win
2002,2002-06-04,12,Japan,Belgium,0.507610023021698,0.25661522150039673,0.23577475547790527,home_win
2002,2002-06-04,13,South Korea,Poland,0.6365002989768982,0.22670693695545197,0.13679276406764984,home_win
2002,2002-06-05,14,Germany,Republic of Ireland,0.37844239537589563,0.2616652768354035,0.35989232778870084,home_win
2002,2002-06-05,15,Russia,Tunisia,0.5978299975395203,0.25728896260261536,0.14488103985786438,home_win
2002,2002-06-05,16,United States,Portugal,0.28743958473205566,0.2949238121509552,0.41763660311698914,away_win
2002,2002-06-06,17,Cameroon,Saudi Arabia,0.4497251115616461,0.3265967217056478,0.22367816673270613,home_win
2002,2002-06-06,18,Denmark,Senegal,0.4903169274330139,0.33674660325050354,0.17293646931648254,home_win
2002,2002-06-06,19,France,Uruguay,0.6312535028902588,0.23332718114094847,0.13541931596879267,home_win
2002,2002-06-07,20,Argentina,England,0.40978910297783905,0.35216840052102805,0.23804249650113296,home_win
2002,2002-06-07,21,Spain,Paraguay,0.6369270993652746,0.2103499378107516,0.15272296282397377,home_win
2002,2002-06-07,22,Sweden,Nigeria,0.5397263410565112,0.2864395508068599,0.17383410813662895,home_win
2002,2002-06-08,23,Brazil,China,0.5710770998734668,0.2398834788816649,0.18903942124486833,home_win
2002,2002-06-08,24,Italy,Croatia,0.46330695653994447,0.3390946337715591,0.19759840968849646,home_win
2002,2002-06-08,25,South Africa,Slovenia,0.29609181594575,0.28913771244473124,0.4147704716095188,away_win
2002,2002-06-09,26,Costa Rica,Turkey,0.4397564065383794,0.3056901188400423,0.2545534746215783,home_win
2002,2002-06-09,27,Japan,Russia,0.5488224707368384,0.270996544822999,0.18018098444016253,home_win
2002,2002-06-09,28,Mexico,Ecuador,0.4998175352866192,0.31855075602082145,0.18163170869255935,home_win
2002,2002-06-10,29,Portugal,Poland,0.696693480014801,0.16502688825130463,0.13827963173389435,home_win
2002,2002-06-10,30,South Korea,United States,0.526186466217041,0.26691702008247375,0.20689651370048523,home_win
2002,2002-06-10,31,Tunisia,Belgium,0.28089707252689977,0.2942990274936251,0.42480389997947515,away_win
2002,2002-06-11,32,Cameroon,Germany,0.34624560635550006,0.29524313523640827,0.3585112584080917,away_win
2002,2002-06-11,33,Denmark,France,0.22204088503000483,0.2904859694693694,0.4874731455006258,away_win
2002,2002-06-11,34,Saudi Arabia,Republic of Ireland,0.2480287106020027,0.2860235699401158,0.4659477194578815,away_win
2002,2002-06-11,35,Senegal,Uruguay,0.2562088293967,0.26786302721908606,0.47592814338421396,away_win
2002,2002-06-12,36,Nigeria,England,0.22153133653709278,0.29572899807710956,0.48273966538579766,away_win
2002,2002-06-12,37,Slovenia,Paraguay,0.372890721943698,0.23574329125116145,0.39136598680514056,away_win
2002,2002-06-12,38,South Africa,Spain,0.18824658446401726,0.26830070011463614,0.5434527154213467,away_win
2002,2002-06-12,39,Sweden,Argentina,0.2779013514518738,0.2677682638168335,0.4543303847312927,away_win
2002,2002-06-13,40,Costa Rica,Brazil,0.2671433985233307,0.28632280230522156,0.44653379917144775,away_win
2002,2002-06-13,41,Ecuador,Croatia,0.264741450548172,0.2565055191516876,0.4787530303001404,away_win
2002,2002-06-13,42,Mexico,Italy,0.2474982888997621,0.325328569094624,0.4271731420056139,away_win
2002,2002-06-13,43,Turkey,China,0.36037320972601206,0.2913714734128557,0.3482553168611323,home_win
2002,2002-06-14,44,Belgium,Russia,0.48291266684104006,0.27257416058442235,0.24451317257453759,home_win
2002,2002-06-14,45,Japan,Tunisia,0.6316111730904219,0.24540879015184036,0.12298003675773767,home_win
2002,2002-06-14,46,Poland,United States,0.2795999562859548,0.27818488245651474,0.4422151612575304,away_win
2002,2002-06-14,47,South Korea,Portugal,0.432923929902198,0.26788299477449073,0.29919307532331124,home_win
2002,2002-06-15,48,Denmark,England,0.30615876280315146,0.3175619651340267,0.37627927206282186,away_win
2002,2002-06-15,49,Germany,Paraguay,0.6138753890991211,0.19095772504806519,0.19516688585281372,home_win
2002,2002-06-16,50,Spain,Republic of Ireland,0.4292796552181244,0.319531112909317,0.2511892318725586,home_win
2002,2002-06-16,51,Sweden,Senegal,0.49560239172574294,0.2903260247360762,0.21407158353818084,home_win
2002,2002-06-17,52,Brazil,Belgium,0.49662161593300225,0.2757191863446822,0.22765919772231563,home_win
2002,2002-06-17,53,Mexico,United States,0.4335522095231885,0.2858608790718985,0.280586911404913,home_win
2002,2002-06-18,54,Japan,Turkey,0.6148512363433838,0.2499857246875763,0.13516303896903992,home_win
2002,2002-06-18,55,South Korea,Italy,0.30052340030670166,0.32617077231407166,0.3733058273792267,away_win
2002,2002-06-21,56,England,Brazil,0.36362331021954686,0.31832720880725357,0.31804948097319957,home_win
2002,2002-06-21,57,Germany,United States,0.4339171777342909,0.2364285360702436,0.3296542861954655,home_win
2002,2002-06-22,58,Senegal,Turkey,0.3325946827949678,0.29130237426452715,0.37610294294050506,away_win
2002,2002-06-22,59,South Korea,Spain,0.32755752421744094,0.299116989996523,0.3733254857860361,away_win
2002,2002-06-25,60,South Korea,Germany,0.45898244029388185,0.25867767580284623,0.2823398839032719,home_win
2002,2002-06-26,61,Brazil,Turkey,0.5834685054938272,0.2461254484374143,0.17040604606875845,home_win
2002,2002-06-29,62,South Korea,Turkey,0.5395450431244062,0.2673104623761635,0.19314449449943022,home_win
2002,2002-06-30,63,Germany,Brazil,0.3236354194988185,0.2574967367203016,0.4188678437808799,away_win
2006,2006-06-09,0,Germany,Costa Rica,0.6549414093021189,0.22331837817959688,0.12174021251828429,home_win
2006,2006-06-09,1,Poland,Ecuador,0.5966659695406858,0.26730075080244614,0.13603327965686798,home_win
2006,2006-06-10,2,Argentina,Ivory Coast,0.5647539496421814,0.2823873460292816,0.152858704328537,home_win
2006,2006-06-10,3,England,Paraguay,0.7013887114719397,0.18454374235463333,0.1140675461734269,home_win
2006,2006-06-10,4,Trinidad and Tobago,Sweden,0.1447056488780484,0.2501548156096096,0.605139535512342,away_win
2006,2006-06-11,5,Angola,Portugal,0.13166131275387574,0.19489237956542343,0.6734463076807008,away_win
2006,2006-06-11,6,Mexico,Iran,0.3741664699961683,0.2792078637840707,0.346625666219761,home_win
2006,2006-06-11,7,Serbia,Netherlands,0.2109259727873198,0.3116251323111395,0.47744889490154074,away_win
2006,2006-06-12,8,Australia,Japan,0.4992395341396332,0.30547022819519043,0.1952902376651764,home_win
2006,2006-06-12,9,Italy,Ghana,0.6154285715179784,0.2626095731750844,0.1219618553069372,home_win
2006,2006-06-12,10,United States,Czech Republic,0.23160625194329773,0.2930412975860029,0.4753524504706994,away_win
2006,2006-06-13,11,Brazil,Croatia,0.6928055183171403,0.1550983018413439,0.15209617984151572,home_win
2006,2006-06-13,12,France,Switzerland,0.5498876489715628,0.28475626878803567,0.16535608224040146,home_win
2006,2006-06-13,13,South Korea,Togo,0.6261813453977899,0.2346098353084971,0.13920881929371298,home_win
2006,2006-06-14,14,Germany,Poland,0.6093901072169888,0.25958154765881064,0.1310283451242005,home_win
2006,2006-06-14,15,Spain,Ukraine,0.6005305647850037,0.21605134010314941,0.18341809511184692,home_win
2006,2006-06-14,16,Tunisia,Saudi Arabia,0.5369240917608683,0.2847353348293701,0.1783405734097616,home_win
2006,2006-06-15,17,Ecuador,Costa Rica,0.40901606732702656,0.3059736076577668,0.2850103250152066,home_win
2006,2006-06-15,18,England,Trinidad and Tobago,0.7712835382192009,0.14360291720915894,0.08511354457164018,home_win
2006,2006-06-15,19,Sweden,Paraguay,0.41941188515985356,0.3221948646844964,0.25839325015565007,home_win
2006,2006-06-16,20,Argentina,Serbia,0.44705928353700264,0.32698963610874254,0.22595108035425482,home_win
2006,2006-06-16,21,Mexico,Angola,0.6536033944369374,0.22341171572839366,0.12298488983466893,home_win
2006,2006-06-16,22,Netherlands,Ivory Coast,0.5848435424943362,0.26908115755384376,0.1460752999518201,home_win
2006,2006-06-17,23,Czech Republic,Ghana,0.688153191920671,0.20713802709121942,0.10470878098810954,home_win
2006,2006-06-17,24,Italy,United States,0.49310189485549927,0.306363046169281,0.20053505897521973,home_win
2006,2006-06-17,25,Portugal,Iran,0.5834894689397593,0.2463905923606367,0.17011993869960398,home_win
2006,2006-06-18,26,Brazil,Australia,0.5575463175773621,0.23879987001419067,0.20365381240844727,home_win
2006,2006-06-18,27,France,South Korea,0.669214129447937,0.21477802097797394,0.11600784957408905,home_win
2006,2006-06-18,28,Japan,Croatia,0.3548467265023806,0.2807059967728256,0.3644472767247938,away_win
2006,2006-06-19,29,Saudi Arabia,Ukraine,0.25409887706644074,0.28731931523565557,0.45858180769790363,away_win
2006,2006-06-19,30,Spain,Tunisia,0.6686137318611145,0.20399019122123718,0.12739607691764832,home_win
2006,2006-06-19,31,Togo,Switzerland,0.2045293091377822,0.26227407865899566,0.5331966122032221,away_win
2006,2006-06-20,32,Costa Rica,Poland,0.2458251753825616,0.26340817227625074,0.49076665234118766,away_win
2006,2006-06-20,33,Germany,Ecuador,0.6235670168593369,0.2572673742204588,0.11916560892020424,home_win
2006,2006-06-20,34,Paraguay,Trinidad and Tobago,0.5695602639216066,0.22920233476747567,0.20123740131091766,home_win
2006,2006-06-20,35,Sweden,England,0.27531006932258606,0.2947559356689453,0.42993399500846863,away_win
2006,2006-06-21,36,Iran,Angola,0.6870582103729248,0.18937692046165466,0.12356486916542053,home_win
2006,2006-06-21,37,Ivory Coast,Serbia,0.40517115592956543,0.2706614136695862,0.3241674304008484,home_win
2006,2006-06-21,38,Netherlands,Argentina,0.46430551313898694,0.3070588960191772,0.22863559084183588,home_win
2006,2006-06-21,39,Portugal,Mexico,0.49777187413657087,0.2599384111184355,0.2422897147449936,home_win
2006,2006-06-22,40,Croatia,Australia,0.301751953258994,0.29753000750958875,0.40071803923141724,away_win
2006,2006-06-22,41,Czech Republic,Italy,0.3922869381990116,0.30285070248993345,0.30486235931105493,home_win
2006,2006-06-22,42,Ghana,United States,0.22421432209653622,0.29529781029515895,0.48048786760830486,away_win
2006,2006-06-22,43,Japan,Brazil,0.18088654761830256,0.2675404410088325,0.551573011372865,away_win
2006,2006-06-23,44,Saudi Arabia,Spain,0.12528074161054914,0.1829293126740847,0.6917899457153662,away_win
2006,2006-06-23,45,Switzerland,South Korea,0.38558985633880327,0.2803044831662034,0.3341056604949933,home_win
2006,2006-06-23,46,Togo,France,0.07748834788799286,0.17813058197498322,0.7443810701370239,away_win
2006,2006-06-23,47,Ukraine,Tunisia,0.3844417746198706,0.28954602150756187,0.3260122038725675,home_win
2006,2006-06-24,48,Argentina,Mexico,0.39050525426864624,0.36121097207069397,0.2482837736606598,home_win
2006,2006-06-24,49,Germany,Sweden,0.5243178918551142,0.29483776061759953,0.18084434752728626,home_win
2006,2006-06-25,50,England,Ecuador,0.7412244302399287,0.174847652758588,0.08392791700148335,home_win
2006,2006-06-25,51,Portugal,Netherlands,0.3235367238521576,0.2922866940498352,0.3841765820980072,away_win
2006,2006-06-26,52,Italy,Australia,0.2861663911889079,0.3542505695149133,0.35958303929617885,away_win
2006,2006-06-26,53,Switzerland,Ukraine,0.3706173786336965,0.278015277444861,0.35136734392144253,home_win
2006,2006-06-27,54,Brazil,Ghana,0.8569289690769514,0.08481270472355279,0.058258326199495836,home_win
2006,2006-06-27,55,Spain,France,0.3617057502269745,0.30066829919815063,0.3376259505748749,home_win
2006,2006-06-30,56,Germany,Argentina,0.5091180801391602,0.3027017116546631,0.18818020820617676,home_win
2006,2006-06-30,57,Italy,Ukraine,0.4738089810879377,0.3201554167293819,0.2060356021826804,home_win
2006,2006-07-01,58,Brazil,France,0.4806392550944727,0.28286351880904426,0.23649722609648302,home_win
2006,2006-07-01,59,England,Portugal,0.39272403717041016,0.3055121898651123,0.30176377296447754,home_win
2006,2006-07-04,60,Germany,Italy,0.46394049906376,0.3187182735632821,0.2173412273729579,home_win
2006,2006-07-05,61,Portugal,France,0.28560759766079197,0.28943263621829046,0.4249597661209176,away_win
2006,2006-07-08,62,Germany,Portugal,0.4531947604835814,0.36249157246214786,0.18431366705427069,home_win
2006,2006-07-09,63,Italy,France,0.28455281257629395,0.36552536487579346,0.3499218225479126,draw
2010,2010-06-11,0,South Africa,Mexico,0.24841228507106222,0.32049532292059113,0.4310923920083467,away_win
2010,2010-06-11,1,Uruguay,France,0.30261893256789846,0.3111488931686346,0.38623217426346695,away_win
2010,2010-06-12,2,Argentina,Nigeria,0.46498931840030305,0.29642448712660335,0.2385861944730936,home_win
2010,2010-06-12,3,England,United States,0.7465786115354713,0.13478619948666692,0.11863518897786174,home_win
2010,2010-06-12,4,South Korea,Greece,0.43151060154970877,0.3131749741330758,0.2553144243172154,home_win
2010,2010-06-13,5,Algeria,Slovenia,0.2782068169651384,0.3064148036713957,0.41537837936346594,away_win
2010,2010-06-13,6,Germany,Australia,0.6452683902571855,0.20223473313800594,0.1524968766048085,home_win
2010,2010-06-13,7,Serbia,Ghana,0.5931044220924377,0.24136097729206085,0.1655346006155014,home_win
2010,2010-06-14,8,Italy,Paraguay,0.590674877166748,0.2767023742198944,0.13262274861335754,home_win
2010,2010-06-14,9,Japan,Cameroon,0.3798663544575187,0.29152654358902835,0.32860710195345294,home_win
2010,2010-06-14,10,Netherlands,Denmark,0.6542269186445152,0.196041023613245,0.14973205774223977,home_win
2010,2010-06-15,11,Brazil,North Korea,0.7938315094896069,0.15885226073446287,0.04731622977593027,home_win
2010,2010-06-15,12,Ivory Coast,Portugal,0.26246591620248805,0.2692106285926512,0.4683234552048607,away_win
2010,2010-06-15,13,New Zealand,Slovakia,0.3638189435005188,0.2823233902454376,0.3538576662540436,home_win
2010,2010-06-16,14,Honduras,Chile,0.27005987554610145,0.2888193342441519,0.44112079020974665,away_win
2010,2010-06-16,15,South Africa,Uruguay,0.35159481619581034,0.30641395766776675,0.3419912261364229,home_win
2010,2010-06-16,16,Spain,Switzerland,0.790765106678009,0.09711948037147522,0.11211541295051575,home_win
2010,2010-06-17,17,Argentina,South Korea,0.501846186789182,0.24574000767260779,0.2524138055382102,home_win
2010,2010-06-17,18,France,Mexico,0.31600918424102115,0.3192511403783816,0.36473967538059726,away_win
2010,2010-06-17,19,Greece,Nigeria,0.30713876166526194,0.2955728681214789,0.39728837021325913,away_win
2010,2010-06-18,20,England,Algeria,0.7955984828888691,0.1505908586348977,0.05381065847623311,home_win
2010,2010-06-18,21,Germany,Serbia,0.48981452778810886,0.2641974867494038,0.2459879854624874,home_win
2010,2010-06-18,22,Slovenia,United States,0.336732412327343,0.22551501951344283,0.43775256815921415,away_win
2010,2010-06-19,23,Cameroon,Denmark,0.35000327229499817,0.2824799716472626,0.36751675605773926,away_win
2010,2010-06-19,24,Ghana,Australia,0.2937000902384493,0.2706980326563706,0.4356018771051801,away_win
2010,2010-06-19,25,Netherlands,Japan,0.7553386631955306,0.13433743913220286,0.11032389767226652,home_win
2010,2010-06-20,26,Brazil,Ivory Coast,0.7010669917186199,0.17649347116033648,0.12243953712104372,home_win
2010,2010-06-20,27,Italy,New Zealand,0.6793631961894273,0.22492456603739086,0.09571223777318177,home_win
2010,2010-06-20,28,Slovakia,Paraguay,0.2950054495038226,0.28045330287376946,0.4245412476224079,away_win
2010,2010-06-21,29,Chile,Switzerland,0.47739345546653056,0.3006420776343655,0.22196446689910393,home_win
2010,2010-06-21,30,Portugal,North Korea,0.7555711213084226,0.1426942784883508,0.1017346002032265,home_win
2010,2010-06-21,31,Spain,Honduras,0.7590832766822224,0.13709753853900386,0.10381918477877367,home_win
2010,2010-06-22,32,Greece,Argentina,0.2559598982334137,0.2845405638217926,0.4594995379447937,away_win
2010,2010-06-22,33,Mexico,Uruguay,0.4182608078873639,0.32742412849808505,0.25431506361455103,home_win
2010,2010-06-22,34,Nigeria,South Korea,0.309447100477007,0.29535027458219903,0.39520262494079395,away_win
2010,2010-06-22,35,South Africa,France,0.30787859284515956,0.3337551454828723,0.35836626167196817,away_win
2010,2010-06-23,36,Australia,Serbia,0.31107937362553556,0.32015507459178344,0.368765551782681,away_win
2010,2010-06-23,37,Ghana,Germany,0.1525009572505951,0.26038333773612976,0.5871157050132751,away_win
2010,2010-06-23,38,Slovenia,England,0.14226580090122823,0.20998863011564703,0.6477455689831247,away_win
2010,2010-06-23,39,United States,Algeria,0.6929056850941684,0.188444813741589,0.11864950116424267,home_win
2010,2010-06-24,40,Cameroon,Netherlands,0.1615774285323194,0.24567299349090477,0.5927495779767759,away_win
2010,2010-06-24,41,Denmark,Japan,0.38800693225819277,0.31791536105183593,0.2940777066899713,home_win
2010,2010-06-24,42,Paraguay,New Zealand,0.5392440718187115,0.28059423806054107,0.1801616901207474,home_win
2010,2010-06-24,43,Slovakia,Italy,0.2038864642381668,0.2275027483701706,0.5686107873916626,away_win
2010,2010-06-25,44,Chile,Spain,0.18832700796397067,0.2756305162145428,0.5360424758214866,away_win
2010,2010-06-25,45,North Korea,Ivory Coast,0.23331436961974042,0.28172795705223275,0.4849576733280268,away_win
2010,2010-06-25,46,Portugal,Brazil,0.17867656477233382,0.28346176246036514,0.537861672767301,away_win
2010,2010-06-25,47,Switzerland,Honduras,0.35447456376330366,0.29726680227318997,0.3482586339635064,home_win
2010,2010-06-26,48,United States,Ghana,0.4489414527696804,0.2656376142989878,0.2854209329313318,home_win
2010,2010-06-26,49,Uruguay,South Korea,0.41877028346061707,0.2961377203464508,0.28509199619293213,home_win
2010,2010-06-27,50,Argentina,Mexico,0.30604751742169367,0.27248905733162504,0.4214634252466813,away_win
2010,2010-06-27,51,Germany,England,0.29458360108234877,0.2942327383617915,0.41118366055585975,away_win
2010,2010-06-28,52,Brazil,Chile,0.5881588038253428,0.2475122734162889,0.16432892275836833,home_win
2010,2010-06-28,53,Netherlands,Slovakia,0.734124411134058,0.20170509514652052,0.06417049371942142,home_win
2010,2010-06-29,54,Paraguay,Japan,0.40499945268036563,0.29154931630047215,0.3034512310191622,home_win
2010,2010-06-29,55,Spain,Portugal,0.6156812722777941,0.22349947024883418,0.1608192574733717,home_win
2010,2010-07-02,56,Netherlands,Brazil,0.29506683349609375,0.3079514503479004,0.39698171615600586,away_win
2010,2010-07-02,57,Uruguay,Ghana,0.4788182449164725,0.3159736143942716,0.2052081406892559,home_win
2010,2010-07-03,58,Argentina,Germany,0.2238373689699957,0.2569662553976102,0.5191963756323941,away_win
2010,2010-07-03,59,Paraguay,Spain,0.15000631958227398,0.2344812084889052,0.6155124719288209,away_win
2010,2010-07-06,60,Uruguay,Netherlands,0.24471021824016842,0.3112176014301538,0.44407218032967777,away_win
2010,2010-07-07,61,Germany,Spain,0.25869017068474975,0.30411457109109846,0.4371952582241518,away_win
2010,2010-07-10,62,Uruguay,Germany,0.19833604104804808,0.3048395080191117,0.4968244509328402,away_win
2010,2010-07-11,63,Netherlands,Spain,0.273771733045578,0.3058496117591858,0.4203786551952362,away_win
2014,2014-06-12,0,Brazil,Croatia,0.7742505015861205,0.13777844505177106,0.08797105336210836,home_win
2014,2014-06-13,1,Chile,Australia,0.6167563520331821,0.23601177769846718,0.1472318702683507,home_win
2014,2014-06-13,2,Mexico,Cameroon,0.561926594943902,0.28510206512954733,0.15297133992655068,home_win
2014,2014-06-13,3,Spain,Netherlands,0.46052553563526966,0.3139726770822305,0.22550178728249987,home_win
2014,2014-06-14,4,Colombia,Greece,0.553860988982857,0.27290932697598175,0.1732296840411613,home_win
2014,2014-06-14,5,England,Italy,0.42361652851104736,0.3246423006057739,0.2517411708831787,home_win
2014,2014-06-14,6,Ivory Coast,Japan,0.4062356948852539,0.24917387962341309,0.344590425491333,home_win
2014,2014-06-14,7,Uruguay,Costa Rica,0.5427174053001017,0.26117819936839043,0.19610439533150786,home_win
2014,2014-06-15,8,Argentina,Bosnia and Herzegovina,0.7338766729040694,0.17840539583583906,0.08771793126009149,home_win
2014,2014-06-15,9,France,Honduras,0.6397630667651156,0.20885704768981112,0.15137988554507323,home_win
2014,2014-06-15,10,Switzerland,Ecuador,0.3210131323639492,0.31209627723980776,0.36689059039624305,away_win
2014,2014-06-16,11,Germany,Portugal,0.5531738914076404,0.22746064920037018,0.21936545939198943,home_win
2014,2014-06-16,12,Ghana,United States,0.31297544577644604,0.3018625468570753,0.38516200736647865,away_win
2014,2014-06-16,13,Iran,Nigeria,0.3643939603684533,0.2924751428507311,0.3431308967808156,home_win
2014,2014-06-17,14,Belgium,Algeria,0.5525416300458201,0.2682567616777647,0.17920160827641513,home_win
2014,2014-06-17,15,Brazil,Mexico,0.6781813603368604,0.19930060504824826,0.12251803461489133,home_win
2014,2014-06-17,16,Russia,South Korea,0.5915206670761108,0.25298014283180237,0.1554991900920868,home_win
2014,2014-06-18,17,Australia,Netherlands,0.16815915703773499,0.20818206667900085,0.6236587762832642,away_win
2014,2014-06-18,18,Cameroon,Croatia,0.30470573902130127,0.2859856188297272,0.40930864214897156,away_win
2014,2014-06-18,19,Spain,Chile,0.5550205276912608,0.25702057054700167,0.18795890176173752,home_win
2014,2014-06-19,20,Colombia,Ivory Coast,0.4965239765331759,0.26972268404229377,0.2337533394245303,home_win
2014,2014-06-19,21,Japan,Greece,0.43546085516188393,0.23969986616223452,0.3248392786758816,home_win
2014,2014-06-19,22,Uruguay,England,0.3355576197969204,0.31239903904196736,0.35204334116111224,away_win
2014,2014-06-20,23,Honduras,Ecuador,0.2782729781188673,0.2702902176889712,0.4514368041921614,away_win
2014,2014-06-20,24,Italy,Costa Rica,0.5274759688221207,0.2741232596076506,0.19840077157022867,home_win
2014,2014-06-20,25,Switzerland,France,0.27972291587131715,0.2878465824035753,0.43243050172510755,away_win
2014,2014-06-21,26,Argentina,Iran,0.6450921297073364,0.21296878159046173,0.14193908870220184,home_win
2014,2014-06-21,27,Germany,Ghana,0.7700661420822144,0.12822657823562622,0.10170727968215942,home_win
2014,2014-06-21,28,Nigeria,Bosnia and Herzegovina,0.34904115351911924,0.261789403504449,0.38916944297643175,away_win
2014,2014-06-22,29,Belgium,Russia,0.33835095167160034,0.30841633677482605,0.3532327115535736,away_win
2014,2014-06-22,30,South Korea,Algeria,0.4226376414299011,0.2568797469139099,0.32048261165618896,home_win
2014,2014-06-22,31,United States,Portugal,0.3147835825319166,0.291585185873067,0.39363123159501645,away_win
2014,2014-06-23,32,Australia,Spain,0.08993046261732848,0.13008206404317582,0.7799874733394957,away_win
2014,2014-06-23,33,Brazil,Cameroon,0.7508203927366406,0.1753787832306416,0.07380082403271776,home_win
2014,2014-06-23,34,Croatia,Mexico,0.3145566378401708,0.2829679633071412,0.402475398852688,away_win
2014,2014-06-23,35,Netherlands,Chile,0.4267099030825467,0.25351504246935375,0.31977505444809956,home_win
2014,2014-06-24,36,Costa Rica,England,0.24715106172269952,0.2700421077038114,0.4828068305734891,away_win
2014,2014-06-24,37,Greece,Ivory Coast,0.36192577254329755,0.27997510313839336,0.3580991243183091,home_win
2014,2014-06-24,38,Italy,Uruguay,0.2985170990670592,0.2901463124112394,0.41133658852170146,away_win
2014,2014-06-24,39,Japan,Colombia,0.24477035932585062,0.25974446148061064,0.49548517919353874,away_win
2014,2014-06-25,40,Bosnia and Herzegovina,Iran,0.31724350699056664,0.2991289407274443,0.3836275522819891,away_win
2014,2014-06-25,41,Ecuador,France,0.2655979017735153,0.2574779314554354,0.4769241667710493,away_win
2014,2014-06-25,42,Honduras,Switzerland,0.2823900794270611,0.2572935444923179,0.460316376080621,away_win
2014,2014-06-25,43,Nigeria,Argentina,0.1718192871186031,0.24813804400172895,0.5800426688796679,away_win
2014,2014-06-26,44,Algeria,Russia,0.20492040500282035,0.26758690871039303,0.5274926862867866,away_win
2014,2014-06-26,45,Portugal,Ghana,0.543199495768532,0.25503430530531124,0.20176619892615671,home_win
2014,2014-06-26,46,South Korea,Belgium,0.24331128597259521,0.282101571559906,0.4745871424674988,away_win
2014,2014-06-26,47,United States,Germany,0.20019814967223332,0.28458713212964837,0.5152147181981183,away_win
2014,2014-06-28,48,Brazil,Chile,0.6943007215008247,0.17936879663718933,0.12633048186198595,home_win
2014,2014-06-28,49,Colombia,Uruguay,0.34591214818024196,0.31871645692835876,0.3353713948913993,home_win
2014,2014-06-29,50,Costa Rica,Greece,0.32144153118133545,0.27123335003852844,0.4073251187801361,away_win
2014,2014-06-29,51,Netherlands,Mexico,0.44779359627077586,0.3164855194615495,0.23572088426767462,home_win
2014,2014-06-30,52,France,Nigeria,0.5526496767997742,0.2211865484714508,0.22616377472877502,home_win
2014,2014-06-30,53,Germany,Algeria,0.7068076957191983,0.182485079188678,0.11070722509212363,home_win
2014,2014-07-01,54,Argentina,Switzerland,0.5773939152387044,0.2659105181356006,0.15669556662569492,home_win
2014,2014-07-01,55,Belgium,United States,0.3448185119141035,0.2852615544044045,0.369919933681492,away_win
2014,2014-07-04,56,Brazil,Colombia,0.6775017380714417,0.2111096978187561,0.11138856410980225,home_win
2014,2014-07-04,57,France,Germany,0.2856346453915431,0.25200445210946953,0.46236090249898737,away_win
2014,2014-07-05,58,Argentina,Belgium,0.5775318655739446,0.25055753811363074,0.17191059631242459,home_win
2014,2014-07-05,59,Netherlands,Costa Rica,0.6340616846969472,0.23388030776559848,0.13205800753745425,home_win
2014,2014-07-08,60,Brazil,Germany,0.6234683394432068,0.2191058099269867,0.15742585062980652,home_win
2014,2014-07-09,61,Netherlands,Argentina,0.33392383653152474,0.3187868202094191,0.34728934325905614,away_win
2014,2014-07-12,62,Brazil,Netherlands,0.5927807180997836,0.25295073170886534,0.15426855019135102,home_win
2014,2014-07-13,63,Germany,Argentina,0.41310487428620085,0.2748841725255302,0.31201095318826894,home_win
2018,2018-06-14,0,Russia,Saudi Arabia,0.6198363396500995,0.2180350902383788,0.16212857011152162,home_win
2018,2018-06-15,1,Egypt,Uruguay,0.1808732923995449,0.27134052323312347,0.5477861843673316,away_win
2018,2018-06-15,2,Morocco,Iran,0.3495549663768699,0.2313931951341985,0.4190518384889316,away_win
2018,2018-06-15,3,Portugal,Spain,0.27304837107658386,0.27948129177093506,0.4474703371524811,away_win
2018,2018-06-16,4,Argentina,Iceland,0.6478105187416077,0.21871317923069,0.13347630202770233,home_win
2018,2018-06-16,5,Croatia,Nigeria,0.5880653174509806,0.25809770437929475,0.15383697816972466,home_win
2018,2018-06-16,6,France,Australia,0.6071059107780457,0.2430899292230606,0.14980415999889374,home_win
2018,2018-06-16,7,Peru,Denmark,0.4180087024566918,0.30754627860944633,0.27444501893386186,home_win
2018,2018-06-17,8,Brazil,Switzerland,0.5663015415162308,0.2677868386443507,0.16591161983941852,home_win
2018,2018-06-17,9,Costa Rica,Serbia,0.42574013548314976,0.24292943605570305,0.3313304284611472,home_win
2018,2018-06-17,10,Germany,Mexico,0.6192810258590716,0.2367032958550768,0.14401567828585154,home_win
2018,2018-06-18,11,Belgium,Panama,0.7801829765641627,0.13433534696439334,0.08548167647144396,home_win
2018,2018-06-18,12,Sweden,South Korea,0.4584616261262186,0.2826204682177445,0.2589179056560369,home_win
2018,2018-06-18,13,Tunisia,England,0.1434287897263287,0.27999246537674166,0.5765787448969296,away_win
2018,2018-06-19,14,Colombia,Japan,0.6365966796875,0.23582878708839417,0.12757453322410583,home_win
2018,2018-06-19,15,Poland,Senegal,0.4868373266957597,0.22685937445517626,0.286303298849064,home_win
2018,2018-06-19,16,Russia,Egypt,0.560215617427928,0.23963607428831193,0.20014830828376,home_win
2018,2018-06-20,17,Iran,Spain,0.18862659863392106,0.20704520982773364,0.6043281915383453,away_win
2018,2018-06-20,18,Portugal,Morocco,0.5643883263410877,0.26631202896964506,0.1692996446892672,home_win
2018,2018-06-20,19,Uruguay,Saudi Arabia,0.6698190619783033,0.21235910216241405,0.11782183585928258,home_win
2018,2018-06-21,20,Argentina,Croatia,0.5299169859314863,0.2590196651512484,0.21106334891726528,home_win
2018,2018-06-21,21,Denmark,Australia,0.47006141438988724,0.29076838060068516,0.2391702050094276,home_win
2018,2018-06-21,22,France,Peru,0.4532320527296035,0.25868616946422046,0.28808177780617605,home_win
2018,2018-06-22,23,Brazil,Costa Rica,0.684532800777769,0.1966549993558228,0.11881219986640812,home_win
2018,2018-06-22,24,Nigeria,Iceland,0.2799942278860279,0.2710744819365287,0.4489312901774433,away_win
2018,2018-06-22,25,Serbia,Switzerland,0.29687688965339126,0.29363421835695397,0.40948889198965477,away_win
2018,2018-06-23,26,Belgium,Tunisia,0.6360660195350647,0.2223641276359558,0.1415698528289795,home_win
2018,2018-06-23,27,Germany,Sweden,0.6611753702163696,0.20768815279006958,0.1311364769935608,home_win
2018,2018-06-23,28,South Korea,Mexico,0.25763674802670633,0.2852297638288211,0.4571334881444726,away_win
2018,2018-06-24,29,England,Panama,0.6331940010252296,0.2433965842397548,0.12340941473501557,home_win
2018,2018-06-24,30,Japan,Senegal,0.2746410749745689,0.26724500260487205,0.458113922420559,away_win
2018,2018-06-24,31,Poland,Colombia,0.30536027832745677,0.22057884274188153,0.47406087893066173,away_win
2018,2018-06-25,32,Iran,Portugal,0.23189982771873474,0.26976513862609863,0.4983350336551666,away_win
2018,2018-06-25,33,Russia,Uruguay,0.38061155734623797,0.2958392412710416,0.3235492013827204,home_win
2018,2018-06-25,34,Saudi Arabia,Egypt,0.3001023322374324,0.2838740433416976,0.4160236244208701,away_win
2018,2018-06-25,35,Spain,Morocco,0.7418867239074897,0.15112468375079804,0.10698859234171224,home_win
2018,2018-06-26,36,Australia,Peru,0.18801059108988333,0.2863431913605808,0.5256462175495359,away_win
2018,2018-06-26,37,Denmark,France,0.27727262011982856,0.28299925574658086,0.4397281241335906,away_win
2018,2018-06-26,38,Iceland,Croatia,0.26030121805079093,0.24945156272957103,0.49024721921963804,away_win
2018,2018-06-26,39,Nigeria,Argentina,0.13537301123142242,0.20537929236888885,0.6592476963996887,away_win
2018,2018-06-27,40,Mexico,Sweden,0.4132464528083801,0.3042159080505371,0.28253763914108276,home_win
2018,2018-06-27,41,Serbia,Brazil,0.13379603424972245,0.17264123003719403,0.6935627357130835,away_win
2018,2018-06-27,42,South Korea,Germany,0.13577335189759815,0.15647075279671338,0.7077558953056885,away_win
2018,2018-06-27,43,Switzerland,Costa Rica,0.4986951426254894,0.2571880106394882,0.24411684673502237,home_win
2018,2018-06-28,44,England,Belgium,0.3460621237754822,0.32322224974632263,0.3307156264781952,home_win
2018,2018-06-28,45,Japan,Poland,0.3440567460093943,0.2611404813015748,0.3948027726890309,away_win
2018,2018-06-28,46,Panama,Tunisia,0.3457372979600043,0.29027183978939536,0.3639908622506004,away_win
2018,2018-06-28,47,Senegal,Colombia,0.25010424107002494,0.27053978232920817,0.4793559766007669,away_win
2018,2018-06-30,48,France,Argentina,0.3719038963317871,0.29733434319496155,0.33076176047325134,home_win
2018,2018-06-30,49,Uruguay,Portugal,0.2845582152771418,0.27993006348401495,0.43551172123884324,away_win
2018,2018-07-01,50,Croatia,Denmark,0.332027485012189,0.3367830116515454,0.33118950333626557,draw
2018,2018-07-01,51,Russia,Spain,0.18629004338815872,0.28601339885612426,0.527696557755717,away_win
2018,2018-07-02,52,Belgium,Japan,0.6628064414440625,0.1800193908807726,0.15717416767516482,home_win
2018,2018-07-02,53,Brazil,Mexico,0.5667449494156271,0.2679880101687902,0.16526704041558263,home_win
2018,2018-07-03,54,Colombia,England,0.29432690143585205,0.34128859639167786,0.3643845021724701,away_win
2018,2018-07-03,55,Sweden,Switzerland,0.3056947382001501,0.29237074531229573,0.4019345164875542,away_win
2018,2018-07-06,56,Brazil,Belgium,0.562477222644132,0.23377030739530463,0.20375246996056334,home_win
2018,2018-07-06,57,Uruguay,France,0.2929770561165495,0.2867286715886393,0.42029427229481126,away_win
2018,2018-07-07,58,Russia,Croatia,0.3494315639307629,0.294983825237041,0.35558461083219617,away_win
2018,2018-07-07,59,Sweden,England,0.27209009098469666,0.31735558406379316,0.4105543249515101,away_win
2018,2018-07-10,60,France,Belgium,0.44507365092415657,0.2592564445955621,0.29566990448028135,home_win
2018,2018-07-11,61,Croatia,England,0.23657114018711867,0.3132182155018513,0.45021064431103003,away_win
2018,2018-07-14,62,Belgium,England,0.28936100868466524,0.22709951481519683,0.48353947650013795,away_win
2018,2018-07-15,63,France,Croatia,0.5496537603489494,0.2543363533267922,0.19600988632425836,home_win
2022,2022-11-20,0,Qatar,Ecuador,0.34855353832244873,0.3118955194950104,0.3395509421825409,home_win
2022,2022-11-21,1,England,Iran,0.4555378163846351,0.23422777209704096,0.3102344115183239,home_win
2022,2022-11-21,2,Senegal,Netherlands,0.11274451510434191,0.1822282184162389,0.7050272664794192,away_win
2022,2022-11-21,3,United States,Wales,0.41827731078036695,0.29190816605364783,0.28981452316598527,home_win
2022,2022-11-22,4,Argentina,Saudi Arabia,0.7857046577016886,0.16498736729868935,0.04930797499962197,home_win
2022,2022-11-22,5,Denmark,Tunisia,0.5562633789142463,0.28455191426646836,0.15918470681928534,home_win
2022,2022-11-22,6,France,Australia,0.6151705888633342,0.23351463327535044,0.15131477786131534,home_win
2022,2022-11-22,7,Mexico,Poland,0.36161898488941835,0.2976148039813398,0.3407662111292418,home_win
2022,2022-11-23,8,Belgium,Canada,0.602149862115081,0.25544203089004847,0.14240810699487053,home_win
2022,2022-11-23,9,Germany,Japan,0.5002159923250677,0.2691859224681281,0.2305980852068041,home_win
2022,2022-11-23,10,Morocco,Croatia,0.2367884148124333,0.2628505151614393,0.5003610700261274,away_win
2022,2022-11-23,11,Spain,Costa Rica,0.6207015103310797,0.23759638481129364,0.14170210485762672,home_win
2022,2022-11-24,12,Brazil,Serbia,0.7007904439928996,0.17205902421298552,0.12715053179411495,home_win
2022,2022-11-24,13,Portugal,Ghana,0.7833644618609227,0.16479667513350696,0.051838863005570356,home_win
2022,2022-11-24,14,Switzerland,Cameroon,0.663313905497971,0.2164685214618289,0.12021757304020009,home_win
2022,2022-11-24,15,Uruguay,South Korea,0.4883190015697033,0.3014752105537896,0.2102057878765071,home_win
2022,2022-11-25,16,England,United States,0.5116040339292899,0.22380089270178494,0.2645950733689252,home_win
2022,2022-11-25,17,Netherlands,Ecuador,0.4938450978123382,0.2562112472025864,0.24994365498507537,home_win
2022,2022-11-25,18,Qatar,Senegal,0.4659617751521666,0.2902788351600841,0.2437593896877493,home_win
2022,2022-11-25,19,Wales,Iran,0.31388401985168457,0.2878369390964508,0.3982790410518646,away_win
2022,2022-11-26,20,Argentina,Mexico,0.6945060646796092,0.19183206987005627,0.11366186545033452,home_win
2022,2022-11-26,21,France,Denmark,0.3120628707371431,0.3100031429527317,0.3779339863101252,away_win
2022,2022-11-26,22,Poland,Saudi Arabia,0.5084249377250671,0.28211668133735657,0.2094583809375763,home_win
2022,2022-11-26,23,Tunisia,Australia,0.38757313452878994,0.31727058640928824,0.2951562790619218,home_win
2022,2022-11-27,24,Belgium,Morocco,0.6252348702505918,0.238884191463181,0.13588093828622722,home_win
2022,2022-11-27,25,Croatia,Canada,0.4307856495561354,0.24545876316042597,0.3237555872834386,home_win
2022,2022-11-27,26,Japan,Costa Rica,0.4723177796365485,0.2866364503922723,0.2410457699711792,home_win
2022,2022-11-27,27,Spain,Germany,0.34758977010311065,0.3316423695300597,0.32076786036682964,home_win
2022,2022-11-28,28,Brazil,Switzerland,0.6913631455397137,0.18869025724097704,0.11994659721930925,home_win
2022,2022-11-28,29,Cameroon,Serbia,0.15292944014072418,0.24820570647716522,0.5988648533821106,away_win
2022,2022-11-28,30,Portugal,Uruguay,0.4285544455051422,0.30833354592323303,0.26311200857162476,home_win
2022,2022-11-28,31,South Korea,Ghana,0.599037009448916,0.24727951727150432,0.15368347327957968,home_win
2022,2022-11-29,32,Ecuador,Senegal,0.46530779502827235,0.2864011185407472,0.24829108643098047,home_win
2022,2022-11-29,33,Iran,United States,0.3683443069458008,0.30637893080711365,0.32527676224708557,home_win
2022,2022-11-29,34,Qatar,Netherlands,0.22228297922436863,0.24879052115664663,0.5289264996189847,away_win
2022,2022-11-29,35,Wales,England,0.22088702854850803,0.2841619764518149,0.4949509949996771,away_win
2022,2022-11-30,36,Australia,Denmark,0.18802208357950673,0.2698414503108807,0.5421364661096126,away_win
2022,2022-11-30,37,Poland,Argentina,0.12095734411019014,0.18144823884193487,0.697594417047875,away_win
2022,2022-11-30,38,Saudi Arabia,Mexico,0.24074518266671222,0.29968754796777136,0.45956726936551645,away_win
2022,2022-11-30,39,Tunisia,France,0.17303871391886683,0.2638318954631043,0.5631293906180288,away_win
2022,2022-12-01,40,Canada,Morocco,0.34665289521217346,0.30192527174949646,0.3514218330383301,away_win
2022,2022-12-01,41,Costa Rica,Germany,0.174995916709243,0.2694006900400026,0.5556033932507544,away_win
2022,2022-12-01,42,Croatia,Belgium,0.2745211936676146,0.2895285698911974,0.43595023644118797,away_win
2022,2022-12-01,43,Japan,Spain,0.1859922790225869,0.24513363443912423,0.5688740865382889,away_win
2022,2022-12-02,44,Cameroon,Brazil,0.15922948955341412,0.17432303986434697,0.6664474705822389,away_win
2022,2022-12-02,45,Ghana,Uruguay,0.10843972197502644,0.18653603037101052,0.705024247653963,away_win
2022,2022-12-02,46,Serbia,Switzerland,0.3662075400352478,0.2979257106781006,0.3358667492866516,home_win
2022,2022-12-02,47,South Korea,Portugal,0.20469781756401062,0.2631807029247284,0.532121479511261,away_win
2022,2022-12-03,48,Argentina,Australia,0.7207889610587728,0.1798007054612093,0.09941033348001788,home_win
2022,2022-12-03,49,Netherlands,United States,0.526631243923772,0.25852838543844797,0.21484037063778,home_win
2022,2022-12-04,50,England,Senegal,0.6409815049317703,0.20383845573422993,0.15518003933399974,home_win
2022,2022-12-04,51,France,Poland,0.5006909742642504,0.2937450277621287,0.205563997973621,home_win
2022,2022-12-05,52,Brazil,South Korea,0.7243032563373931,0.16839342070212096,0.10730332296048586,home_win
2022,2022-12-05,53,Japan,Croatia,0.30177293127098476,0.27823603982436773,0.4199910289046475,away_win
2022,2022-12-06,54,Morocco,Spain,0.1625410044571907,0.2414732760410499,0.5959857195017594,away_win
2022,2022-12-06,55,Portugal,Switzerland,0.45096203684806824,0.2857799828052521,0.2632579803466797,home_win
2022,2022-12-09,56,Croatia,Brazil,0.11662011680469003,0.22258591817755935,0.6607939650177506,away_win
2022,2022-12-09,57,Netherlands,Argentina,0.23951863823169342,0.3282654730200234,0.4322158887482832,away_win
2022,2022-12-10,58,England,France,0.30713123083114624,0.2501279413700104,0.4427408277988434,away_win
2022,2022-12-10,59,Morocco,Portugal,0.20379144560669202,0.2621800083571675,0.5340285460361405,away_win
2022,2022-12-13,60,Argentina,Croatia,0.6038099527359009,0.2385677546262741,0.157622292637825,home_win
2022,2022-12-14,61,France,Morocco,0.5433353619773578,0.2684325793852633,0.18823205863737885,home_win
2022,2022-12-17,62,Croatia,Morocco,0.41433677587886003,0.2698756891563124,0.3157875349648276,home_win
2022,2022-12-18,63,Argentina,France,0.4299526086463747,0.26404621410232143,0.3060011772513039,home_win
